last_name,first_name,father_name,little_name,nan,none,no
Πικραμμένος,Παναγιώτης,Όθωνος,,,,
Γεραπετρίτης,Γεώργιος ,Βασιλείου,,,,
Θεοδωρικάκος,Παναγιώτης,Δημητρίου,(Τάκης),,,
Ταραντίλης,Χρήστος,Δημητρίου,,,,
Σκυλακάκης,Θεόδωρος,Στεφάνου,,,,
Βασιλικός,Βασίλειος,Νικολάου,(Βασίλης),,,
Αχτσιόγλου,Ευτυχία,Θεμιστοκλή,,,,
Σκουρλέτης,Παναγιώτης ,Βασιλείου,(Πάνος),,,
Φλαμπουράρης,Αλεξάνδρου,Γερασίμου,,,,
Καμίνης,Γεώργιος,Βασιλείου,,,,
Παπαρήγα,Αλεξάνδρα,Νικολάου,,,,
Βιλιάρδος,Βασίλειος,Διονυσίου,,,,
Κεφαλογιάννη,Όλγα,Ιωάννη,,,,
Κικίλιας,Βασίλειος,Παναγιώτη,,,,
Πλεύρης,Αθανάσιος,Κωνσταντίνου,,,,
Κακλαμάνης,Νικήτας,Μιχαήλ,,,,
Συρίγος,Ευάγγελος,Ματθαίου,(Άγγελος),,,
Πιπιλή,Φωτείνη,Ανδρέα,,,,
Βούτσης,Νικόλαος,Γεωργίου,,,,
Τζανακόπουλος,Δημήτριος,Μόσχου,,,,
Φίλης,Νικόλαος,Αριστοτέλη,,,,
Βερναρδάκης,Χριστόφορος,Δημοσθένη,,,,
Αδαμοπούλου,Αγγελική,Αθανασίου,,,,
Σκανδαλίδης,Κωνσταντίνος,Γεωργίου,,,,
Κανέλλη,Γαρυφαλλιά,Χρήστου,(Λιάνα),,,
Μπογδάνος,Κωνσταντίνος,Σπυρίδωνος,,,,
Χατζηδάκης,Κωνσταντίνος,Ιωάννη,(Κωστής),,,
Γεωργιάδης,Άδωνις- Σπυρίδων,Αθανασίου,,,,
Κεραμέως,Νίκη,Κωνσταντίνου,,,,
Κουμουτσάκος,Γεώργιος,Σπυρίδωνος,,,,
Ρουσόπουλος,Θεόδωρος,Βασιλείου,,,,
Καιρίδης,Δημήτριος,Κωνσταντίνου,,,,
Ράπτη,Ζωή,Γεωργίου,,,,
Τσακαλώτος,Ευκλείδης,Στεφάνου,,,,
Ζαχαριάδης,Κωνσταντίνος,Εμμανουήλ,,,,
Ξενογιαννακοπούλου,Μαρία-Ελίζα,Διονυσίου,(Μαριλίζα),,,
Κατρούγκαλος,Γεώργιος,Στέλιου-Παναγιώτη,,,,
Λοβέρδος,Ανδρέας,Νικολάου,,,,
Παφίλης,Αθανάσιος,Σπυρίδωνος,,,,
Αλεξοπούλου,Αναστασία-Αικατερίνη,Κωνσταντίνου,,,,
Γρηγοριάδης,Κλέων,Γεωργίου,,,,
Μητσοτάκης,Κυριάκος,Κωνσταντίνου,,,,
Βαρβιτσιώτης,Μιλτιάδης,Ιωάννου,,,,
Λοβέρδος,Ιωάννης-Μιχαήλ,Πέτρου,(Γιάννης),,,
Κουρουμπλής,Παναγιωτης,Ελευθερίου,,,,
Δραγασάκης,Ιωάννης,Ανδρέα,,,,
Βίτσας,Δημήτριος,Αθανασίου,,,,
Καφαντάρη,Χαρούλα,Φωτίου,(Χαρά),,,
Γιαννακοπούλου,Κωνσταντίνα,Ιωάννη,(Νάντια),,,
Κουτσούμπας,Δημήτριος,Αποστόλου,,,,
Αθανασίου,Μαρίου,Ευαγγέλου,,,,
Αρσένης,Κρίτων-Ηλίας,Δημοκράτη,,,,
Δένδιας,Νικόλαος-Γεώργιος,Σπυρίδωνις,,,,
Κυρανάκης,Κωνσταντίνος,Παναγιώτη-Ιωάννη,,,,
Χατζηδάκης,Διονύσιος,Διονυσίου,,,,
Θεοχάρης,Θεοχάρης,Αθανασίου,(Χάρης),,,
Καραμανλή,Άννα,Αρκαδίου,,,,
Βούλτεψη,Σοφία,Ιωάννη,,,,
Παπαδημητρίου,Χαράλαμπος,Αθανασίου,(Μπάμπης),,,
Καλλιάνος,Ιωάννης,Δημητρίου,,,,
Σπανάκης,Βασίλειος-Πέτρος,Νικολάου,,,,
Παππάς,Νικόλαος,Στυλιανού,,,,
Φωτίου,Θεανώ,Βασιλείου,,,,
Μουζάλας,Ιωάννης ,Ευστρατίου,,,,
Μπαλάφας,Ιωάννης,Περικλή,,,,
Χρηστίδου,Ράλλια ,Δημητρίου,,,,
Αντωνίου,Αντωνία,Νικολάου,(Τόνια),,,
Κατσώτης,Χρήστος,Περικλή,,,,
Βαγενάς,Δημήτριος,Κωνσταντίνου,,,,
Σακοράφα,Σοφία,Ηλία,,,,
Κατσαφάδος,Κωνσταντίνος,Ιωάννη,,,,
Μελάς,Ιωάννης,Παναγιώτη,,,,
Μανωλάκος,Νικόλαος,Πέτρου,,,,
Δούνια,Παναγιώτα,Δημητρίου,(Νόνη),,,
Μπουτσικάκης,Χριστόφορος-Εμμανουήλ,Ιωάννη,,,,
Δρίτσας,Θεόδωρος,Παναγιώτη,,,,
Μαρκόπουλος,Δημήτριος,Κωνσταντίνου,,,,
Τραγάκης,Ιωάννης,Παναγιώτη,,,,
Κασιμάτη,Ειρήνη,Γεωργίου,(Νίνα),,,
Ραγκούσης,Ιωάννης,Νικολάου,,,,
Αλεξιάδης,Τρύφων,Ζαφειρίου,,,,
Μπακαδήμα,Φωτεινή,Αγαθοκλή,,,,
Μανωλάκου,Διαμαντώ,Εμμανουήλ,,,,
Ασημακοπούλου,Σοφία-Χάιδω,Δημητρίου,,,,
Μαρτίνου,Γεωργία,Αθανασίου,,,,
Βορίδης,Μαυρουδής,Χρήστου,(Μάκης),,,
Βλάχος,Γεώργιος,Θεοδώρου,,,,
Οικονόμου,Βασίλειος,Αθανασίου,,,,
Σπίρτζης,Χρήστος,Παναγιώτη,,,,
Αθανασίου,Αθανάσιος,Ευθυμίου,(Νάσος),,,
Σκουρολιάκος,Παναγιώτης,Λουκά,(Πάνος),,,
Γκιόκας,Ιωάννης,Χρήστου,,,,
Μυλωνάκης,Αντώνιος,Αντωνίου,,,,
Απατζίδη,Μαρία,Κυρίλλου,,,,
Μπούρας,Αθανάσιος,Κωνσταντίνου,,,,
Λιάκος,Ευάγγελος,Γεωργίου,,,,
Κώτσηρας,Γεώργιος,Αναστασίου,,,,
Τσίπρας,Γεώργιος,Ηρακλή,,,,
Καραγκούνης,Κωνσταντίνος,Ανδρέα,,,,
Σαλμάς,Μάριος,Γεωργίου,,,,
Λιβανός,Σπυρίδωνας-Παναγιώτης,Διονυσίου,(Σπήλιος),,,
Βαρεμένος,Γεώργιος,Βασιλείου,,,,
Μωραΐτης,Αθανάσιος,Χρήστου,(Θάνος),,,
Κωνσταντόπουλος,Δημήτριος,Χρήστου,,,,
Παπαναστάσης,Νικόλαος,Αθανασίου,,,,
Ανδριανός,Ιωάννης,Σωτηρίου,,,,
Γκιόλας,Ιωάννης,Δημητρίου,,,,
Πουλάς,Ανδρέας,Θεοδοσίου,,,,
Βλάσης,Κωνσταντίνος,Γεωργίου,,,,
Παπαηλιού,Γεώργιος,Ηλία,,,,
Κωνσταντινόπουλος,Οδυσσέας,Κωνσταντίνου,,,,
Στύλιος,Γεώργιος,Δημοσθένη,,,,
Γεροβασίλη,Όλγα,Βασιλείου,,,,
Γκόκας,Χρήστος,Ναπολέοντα,,,,
Τσιγκρής,Άγγελος,Αντωνίου,,,,
Κατσανιώτης,Ανδρέας,Ιωάννη,,,,
Φωτήλας,Ιάσων,Ασημάκη,,,,
Αλεξοπούλου,Χριστίνα,Μιχαήλ,,,,
Τσίπρας,Αλέξιος,Παύλου,,,,
Αναγνωστοπούλου,Αθανασία,Πέτρου,(Σία),,,
Μάρκου,Κωνσταντίνος,Βασιλείου,,,,
Παπανδρέου,Γεώργιος,Ανδρέα,,,,
Καραθανασόπουλος,Νικόλαος,Πέτρου,,,,
Κουτσούμπας,Ανδρέας,Βασιλείου,,,,
Πούλου,Παναγιού,Λεωνίδα,(Γιώτα),,,
Μουλκιώτης,Γεώργιος,Βασιλείου,,,,
Πάτσης,Ανδρέας,Κωνσταντίνου,,,,
Μπλούχος,Κωνσταντίνος,Δημητρίου,,,,
Ξανθόπουλος,Θεόφιλος,Σάββα,,,,
Κεφαλίδου,Χαρούλα,Δημητρίου,(Χαρά),,,
Κόνσολας,Εμμανουήλ,Νικία,(Μάνος),,,
Υψηλάντης,Βασίλειος-Νικόλαος,Αναστασίου,,,,
Ιατρίδη,Τσαμπίκα,Ιωάννη,(Μίκα),,,
Παππάς,Ιωάννης,Κωνσταντίνου,,,,
Σαντορινιός,Νεκτάριος,Κωνσταντίνου,,,,
Δημοσχάκης,Αναστάσιος,Σπύρου,,,,
Δερμεντζόπουλος,Χρήστος,Αλεξάνδρου,,,,
Κελέτσης,Σταύρος,Δημητρίου,,,,
Γκαρά,Αναστασία,Γεωργίου,,,,
Κεδίκογλου,Συμεών,Βασιλείου,(Σίμος),,,
Ζεμπίλης,Αθανάσιος,Γεωργίου,,,,
Πνευματικός,Σπυρίδωνας,Γεωργίου,,,,
Αποστόλου,Ευάγγελος,Δημητρίου,,,,
Χατζηγιαννάκης,Μιλτιάδης,Ευαγγέλου,,,,
Μαρίνος,Γεώργιος,Βασιλείου,,,,
Κοντογεώργος,Κωνσταντίνος,Αθανασίου,,,,
Ακτύπης,Διονύσιος,Δημητρίου,,,,
Αυγερινοπούλου,Διονυσία-Θεοδώρα,Ζήσιμου,,,,
Τζαβάρας,Κωνσταντίνος,Γεωργίου,,,,
Νικολακόπουλος,Ανδρέας,Θεοδώρου,,,,
Καλαματιανός,Διονύσιος-Χαράλαμπος,Χρήστου,,,,
Κατρίνης,Μιχαήλ,Ιωάννη,,,,
Βεσυρόπουλος,Απόστολος,Φωτίου,,,,
Μπαρτζώκας,Αναστάσιος,Στεργίου,,,,
Τσαβδαρίδης,Λάζαρος,Γεωργίου,,,,
Τόλκας,Άγγελος,Χαραλάμπου,,,,
Αυγενάκης,Ελευθέριος,Κωνσταντίνου,,,,
Σενετάκης,Μάξιμος,Γεωργίου,,,,
Μαμουλάκης,Χαράλαμπος,Αντωνίου,(Χάρης),,,
Βαρδάκης,Σωκράτης,Δημητρίου,,,,
Ηγουμενίδης,Νικόλαος,Εμμανουήλ,,,,
Κεγκέρογλου,Βασίλειος,Αλεξάνδρου,,,,
Συντυχάκης,Εμμανουήλ,Δανιήλ,,,,
Λογιάδης,Γεώργιος,Εμμανουήλ-Σοφοκλή,,,,
Γιόγιακας,Βασίλειος,Νικολάου,,,,
Κάτσης,Μάριος,Σπυρίδωνος,,,,
Καραμανλής,Κωνσταντίνος,Αλεξάνδρου,,,,
Γκιουλέκας,Κωνσταντίνος,Πέτρου,,,,
Ράπτη,Ελένη,Δημητρίου,,,,
Καλαφάτης,Σταύρος,Αθανασίου,,,,
Σιμόπουλος,Ευστράτιος,Γεωργίου,(Στράτος),,,
Ευθυμίου,Άννα,Ταξιάρχη,,,,
Κούβελας,Δημήτριος,Σωτηρίου,,,,
Νοτοπούλου,Αικατερίνη,Παναγιώτη,(Κατερίνα),,,
Αμανατίδης,Ιωάννης,Γεωργίου,,,,
Γιαννούλης,Χρήστος,Ιωάννη,,,,
Ζουράρης,Κωνσταντίνος,Γεωργίου,,,,
Τριανταφυλλίδης,Αλέξανδρος,Γεωργίου,,,,
Καστανίδης,Χαράλαμπος,Γεωργίου,,,,
Δελής,Ιωάννης,Ιωάννη,,,,
Αβδελάς,Απόστολος,Κωνσταντίνου,,,,
Βαρουφάκης,Γιάνης,Γεωργίου,,,,
Καράογλου,Θεόδωρος,Γεωργίου,,,,
Αναστασιάδης,Σάββας,Ιωάννη,,,,
Βαρτζόπουλος,Δημήτριος,Χρυσοστόμου,,,,
Φάμελλος,Σωκράτης,Πέτρου,,,,
Αυγέρη,Θεοδώρα,Πέτρου,(Δώρα),,,
Αρβανιτίδης,Γεώργιος ,Πέτρου,,,,
Στολτίδης,Λεωνίδας,Δημητρίου,,,,
Χήτας,Κωνσταντίνος,Αχιλλέως,,,,
Αδάμου,Κωνσταντίνα,Στεργίου,,,,
Τασούλας,Κωνσταντίνος,Αναστασίου,,,,
Καλογιάννης,Σταύρος,Ελευθερίου,,,,
Κεφάλα,Μαρία-Αλεξάνδρα,Στεφάνου,,,,
Αμυράς,Γεώργιος,Στυλιανού,,,,
Τζούφη,Μερόπη,Στεφάνου,,,,
Παναγιωτόπουλος,Νικόλαος,Ιωάννη,,,,
Πασχαλίδης,Ιωάννης,Αδάμ,,,,
Λαζαρίδης,Μακάριος,Βασιλείου,,,,
Ελευθεριάδου,Σουλτάνα,Παύλου,,,,
Τσιάρας,Κωνσταντίνος,Αλεξάνδρου,,,,
Κωτσός,Γεώργιος,Κωνσταντίνου,,,,
Σκόνδρα,Ασημίνα,Κωνσταντίνου,,,,
Λάππας,Σπυρίδωνας,Ευαγγέλου,,,,
Τζηκαλάγιας,Ζήσης,Γεωργίου,,,,
Τελιγιορίδου,Ολυμπία,Ιωάννη,,,,
Γκίκας,Στέφανος,Σωτηρίου,,,,
Αυλωνίτης,Αλέξανδρος-Χρήστος,Νικολάου,,,,
Μπιάγκης,Δημήτριος,Σπυρίδωνος,,,,
Καππάτος,Παναγής,Σπυρίδωνος-Διονυσίου,,,,
Γεωργαντάς,Γεώργιος,Παύλου,,,,
Αγαθοπούλου,Ειρήνη-Ελένη,Δημητρίου,,,,
Φραγγίδης,Γεώργιος,Σταύρου,,,,
Κωνσταντινίδης,Ευστάθιος,Κωνσταντίνου,,,,
Βρυζίδου,Παρασκευή,Παναγιώτη,,,,
Παπαδόπουλος,Μιχάλης,Γεωργίου,,,,
Αμανατίδης,Γεώργιος,Ισαάκ,,,,
Βέττα,Καλλιόπη,,,,,
Δήμας,Χρίστος,Σταύρου,,,,
Ταγαράς,Νικόλαος,Χρήστου,,,,
Κόλλιας,Κωνσταντίνος,Ταξιάρχου,,,,
Ψυχογιός,Γεώργιος,Κωνσταντίνου,,,,
Βρούτσης,Ιωάννης,Βασιλείου,,,,
Μονογυιού,Αικατερίνη,Μιχαήλ,,,,
Φόρτωμας,Φίλιππος,Αριστοτέλη,,,,
Συρμαλένιος,Νικόλαος,Ευαγγέλου,,,,
Δαβάκης,Αθανάσιος,Παναγιώτη,,,,
Κρητικός,Νεοκλής,Δημοσθένη,,,,
Αραχωβίτης,Σταύρος,Γεωργίου,,,,
Χαρακόπουλος,Μάξιμος,Παντελή,,,,
Κέλλας,Χρήστος,Αχιλλέα,,,,
Μπίζιου,Στεργιανή,Νικολάου,(Στέλλα),,,
Κόκκαλης,Βασίλειος,Κωνσταντίνου,,,,
Βαγενά-Κηλαηδόνη,Άννα,,,,,
Λιακούλη,Ευαγγελία,Θεοφάνη,,,,
Λαμπρούλης,Γεώργιος,Αριστείδη,,,,
Βελόπουλος,Κυριάκος,Ιωσήφ,,,,
Πλακιωτάκης,Ιωάννης,Ιωσήφ,,,,
Θραψανιώτης,Εμμανουήλ,Μιχαήλ,,,,
Αθανασίου,Χαράλαμπος,Χριστόφα,,,,
Μπουρνούς,Ιωάννης,Δημητρίου,,,,
Κομνηνάκα,Μαρία,Αποστόλου,,,,
Καββαδάς,Αθανάσιος,Ιωάννη,,,,
Μπουκώρος,Χρήστος,Γεωργίου,,,,
Μακρή,Ζωή,Μιχαήλ,(Ζέττα),,,
Λιούπης,Αθανάσιος,Κωνσταντίνου,,,,
Μαραβέγιας,Κωνσταντίνος,Αριστοτέλη,,,,
Μεϊκόπουλος,Αλέξανδρος,Μιχαήλ,,,,
Παπανάτσιου,Αικατερίνη,Στέργιου,,,,
Σαμαράς,Αντώνιος,Κωνσταντίνου,,,,
Λαμπρόπουλος,Ιωάννης,Δημητρίου,,,,
Χρυσομάλλης,Μιλτιάδης,Παναγιώτη,(Μίλτος),,,
Μαντάς,Περικλής,Παντελή,,,,
Χαρίτσης,Αλέξανδρος,Βύρωνα,(Αλέξης),,,
Τσιλιγγίρης,Σπυρίδων,Γεωργίου,(Σπύρος),,,
Ζεϊμπέκ,Χουσεϊν,Χασάν,,,,
Μπαράν,Μπουρχάν,Νετζαντή,,,,
Καρασμάνης,Γεώργιος,Αθανασίου,,,,
Σταμενίτης,Διονύσιος,Ευαγγέλου,,,,
Βασιλειάδης,Βασίλειος,Νικολάου,(Λάκης),,,
Τζάκρη,Θεοδώρα,Εμμανουήλ,,,,
Μπαραλιάκος,Ξενοφών,Ελευθερίου,(Φώντας),,,
Μάνη-Παπαδημητρίου,Άννα,Ευαγγέλου,,,,
Χιονίδης,Σάββας,Γεωργίου,,,,
Σκούφα,Ελισσάβετ,Δημητρίου,(Μπέττυ),,,
Γιαννάκης,Στέργιος,Κωνσταντίνου,,,,
Μπάρκας,Κωνσταντίνος,Θεοφάνη,,,,
Κεφαλογιάννης,Ιωάννης,Αχιλλέα,,,,
Ξανθός,Ανδρέας,Γεωργίου,,,,
Στυλιανίδης,Ευριπίδης,Στυλιανού,,,,
Χαρίτου,Δημήτριος,Αθανασίου,(Τάκης),,,
Αχμέτ,Ιλχάν,Σαμπρή,,,,
Στεφανάδης,Χριστόδουλος,Ισιδώρου,,,,
Αραμπατζή,Φωτεινή,Αθανασίου,,,,
Χατζηβασιλείου,Αναστάσιος,Γεωργίου,(Τάσος),,,
Λεονταρίδης,Θεόφιλος,Χρήστου,,,,
Αβραμάκης,Ελευθέριος,Αντωνίου,,,,
Μπούμπας,Κωνσταντίνος,Ιωάννη,,,,
Σκρέκας,Κωνσταντίνος,Θεοδώρου,,,,
Λιούτας,Αθανάσιος,Αχιλλέως,,,,
Παπακώστα,Παλιούρα,Δημητρίου,(Κατερίνα),,,
Παπαδόπουλος,Αθανάσιος,Αποστόλου,,,,
Σταϊκούρας,Χρήστος,Κωνσταντίνου,,,,
Οικονόμου,Ιωάννης,Δημητρίου,,,,
Κοτρωνιάς,Γεώργιος,Νικολάου,,,,
Μακρή,Ελένη,Ευαγγέλου-Θεοδώρου,,,,
Σαρακιώτης,Ιωάννης,Αθανασίου,,,,
Αντωνιάδης,Ιωάννης,Δημητρίου,,,,
Πέρκα,Θεόπιστη,Χαραλάμπου,(Πέτη),,,
Μπούγας,Ιωάννης,Δημητρίου,,,,
Βαγιωνάς,Γεώργιος,Κωνσταντίνου,,,,
Μάλαμα,Κυριακή,Ιωάννη,,,,
Πάνας,Απόστολος,Νικολάου,,,,
Μπακογιάννη,Θεοδώρα,Κωνσταντίνου,(Ντόρα),,,
Βολουδάκης,Μανούσος-Κωνσταντίνος,Γεωργίου,,,,
Διγαλάκης,Βασίλειος,Βασιλείου,,,,
Πολάκης,Παύλος,Πέτρου,,,,
Μηταράκης,Παναγιώτης,Αντωνίου,(Νότης),,,
Μιχαηλίδης,Ανδρέας,Φραγκούλη,,,,
Κοτζιάς,Νικόλαος,Άγγελου,,,,
Χριστοδουλοπούλου,Αναστασία,Ζαχαρία,,,,
Γαβρόγλου,Κωνσταντίνος,Βασιλείου,,,,
Φορτσάκης,Θεόδωρος,Πέτρου,,,,
Σταμάτης,Δημήτριος,Ιωάννη,,,,
Παππάς,Χρήστος,Ηλία,,,,
Θεοχαρόπουλος,Αθανάσιος,Στεφάνου,,,,
Φλαμπουράρης,Αλέξανδρος,Γερασίμου,,,,
Μιχαλολιάκος,Νικόλαος,Γεωργίου,,,,
Λυκούδης,Σπυρίδων,Διονυσίου,,,,
Κουντουρά,Έλενα,Αλεξάνδρου,,,,
Γεωργιάδης,Μάριος,Νικολάου,,,,
Σταματάκη,Ελένη,Παναγιώτη,,,,
Δουζίνας,Κωνσταντίνος,Ευαγγέλου,,,,
Γεννιά,Γεωργία,Σωκράτη,,,,
Κούζηλος,Νικόλαος,Παναγιώτη,,,,
Καρακώστα,Ευαγγελία,Ελευθερίου,(Εύη),,,
Λαγός,Ιωάννης,Ευαγγέλου,,,,
Μανωλάκου,Διαμάντω,Εμμανουήλ,,,,
Καμμένος,Δημήτριος,Κωνσταντίνου,,,,
Μεγαλοοικονόμου,Θεοδώρα,Πασχάλη,,,,
Μπαλτάς,Αριστείδης-Νικόλαος-Δημήτριος,Αλεξάνδρου,,,,
Πάντζας,Γεώργιος,Σπυρίδωνος-Αριστοτέλη,,,,
Δέδες,Ιωάννης,Γεωργίου,,,,
Κασιδιάρης,Ηλίας,Παναγιώτη,,,,
Χριστοφιλοπούλου,Παρασκευή,συζ.Δημητρίου,(Εύη),,,
Μαυρωτάς,Γεώργιος,Παρασκευά,,,,
Κατσίκης,Κωνσταντίνος,Θεοδώρου,,,,
Καβαδέλλας,Δημήτριος,Γεωργίου,,,,
Τριανταφύλλου,Μαρία,Κωνσταντίνου,,,,
Μπαρμπαρούσης,Κωνσταντίνος,Ηλία,,,,
Μωραΐτης,Νικόλαος,Επαμεινώνδα,,,,
Μανιάτης,Ιωάννης,Αναστασίου,,,,
Τσίρκας,Βασίλειος,Δημητρίου,,,,
Σπαρτινός,Κωνσταντίνος,Νικολάου,,,,
Ριζούλης,Ανδρέας,Κωνσταντίνου,,,,
Παπαθεοδώρου,Θεόδωρος,Παναγιώτη,,,,
Νικολόπουλος,Νικόλαος,Ιωάννου,,,,
Θηβαίος,Νικόλαος,Γεωργίου,,,,
Καρακώστας,Ευάγγελος,Θεοδώρου,,,,
Μπγιάλας,Χρήστος,Αθανασίου,,,,
Καραγιαννίδης,Χρήστος,Γεωργίου,,,,
Κυριαζίδης,Δημήτριος,Τριαντάφυλλου,,,,
Γάκης,Δημήτριος,Θωμά,,,,
Καματερός,Ηλίας,Ιωάννη,,,,
Κρεμαστινός,Δημήτριος,Θωμά,,,,
Καΐσας,Γεώργιος,Δημητρίου,,,,
Ρίζος,Δημήτριος,Γεωργίου,,,,
Ακριώτης,Γεώργιος,Κυριάκου,,,,
Πρατσόλης,Αναστάσιος,Κλεάνθη,(Τάσος),,,
Λιβανίου,Ζωή,Ευαγγέλου,,,,
Μίχος,Νικόλαος,Αντωνίου,,,,
Κοντονής,Χαράλαμπος-Σταύρος ,Νικολάου,,,,
Γεωργοπούλου-Σαλτάρη ,Ευσταθία,Ευσταθίου,(Έφη),,,
Μπαξεβανάκης,Δημήτριος,Σόλωνα,,,,
Μπαλαούρας,Γεράσιμος,Δημητρίου,,,,
Κουτσούκος,Γιάννης,Δημητρίου,,,,
Καρασαρλίδου,Ευφροσύνη,Γεωργίου,(Φρόσω),,,
Ουρσουζίδης,Γεώργιος,Νικολάου,,,,
Αντωνίου,Χρήστος,Αθανασίου,,,,
Μιχελογιαννάκης,Ιωάννης,Δημητρίου,,,,
Δανέλλης,Σπυρίδων,Αθανασίου,,,,
Παρασκευόπουλος,Νικόλαος,Ανδρέα,,,,
Κουράκης,Αναστάσιος,Στυλιανού,(Τάσος),,,
Μπόλαρης,Μάρκος,Ηλία,,,,
Μηταφίδης,Τριαντάφυλλος,Ανδρέα,,,,
Γρέγος,Αντώνιος,Βασιλείου,,,,
Βενιζέλος,Ευάγγελος,Βασιλείου,,,,
Θεοδωράκης,Σταύρος,Παναγιώτη,,,,
Σαρίδης,Ιωάννης,Γεωργίου,,,,
Μάρδας,Δημήτριος,Χρυσοβέργη,,,,
Αρβανιτίδης,Γεώργιος,Πέτρου,,,,
Βαρδαλής,Αθανάσιος,Δημητρίου,,,,
Λαζαρίδης,Γεώργιος,Ιωάννη,,,,
Φωκάς,Αριστείδης,Χρήστου,,,,
Νυφούδης,Νικόλαος,Σταύρου,,,,
Μαντάς,Χρήστος,Κωνσταντίνου,,,,
Στέφος,Ιωάννης,Θεοδώρου,,,,
Καραγιάννης,Ιωάννης,Κωνσταντίνου,,,,
Εμμανουηλίδης,Δημήτριος,Ιωάννη,,,,
Μορφίδης,Κωνσταντίνος,Ανέστη,,,,
Παπαφιλίππου,Γεώργιος,Αντωνίου,,,,
Κατσαβριά-Σιωροπούλου,Χρυσούλα,Αθανασίου,,,,
Βράντζα,Παναγιώτα,Αχιλλέως,,,,
Αντωνίου,Μαρία,Βασιλείου,,,,
Βάκη,Φωτεινή,Γεωργίου,,,,
Παυλίδης,Κωνσταντίνος,Κωνσταντίνου,,,,
Αϊβατίδης,Ιωάννης,Γεωργίου,,,,
Θεοπεφτάτου,Αφροδίτη,Χρήστου,,,,
Παραστατίδης,Θεόδωρος,Σωκράτη,,,,
Χατζησάββας,Χρήστος,Κωνσταντίνου,,,,
Δημητριάδης,Δημήτριος,Κλεάνθη,,,,
Μουμουλίδης,Θεμιστοκλής,Σταματίου,,,,
Θεοφύλακτος,Ιωάννης,Γαβριήλ,,,,
Ντζιμάνης,Γεώργιος,Δημητρίου,,,,
Κασαπίδης,Γεώργιος,Δημοσθένη,,,,
Θελερίτη,Μαρία,Παναγιώτη,,,,
Τσόγκας,Γεώργιος,Παύλου,,,,
Συρίγος,Αντώνιος,Δημητρίου,,,,
Μανιός,Νικόλαος,Εμμανουήλ,,,,
Γρηγοράκος,Λεωνίδας,Γεωργίου,,,,
Παπαδόπουλος,Νικόλαος,Αβραάμ,,,,
Μπαργιώτας,Κωνσταντίνος,Αθανασίου,,,,
Κατσιαντώνης,Γεώργιος,Νικολάου,,,,
Πάλλης,Γεώργιος,Ευστρατίου,,,,
Τάσσος,Σταύρος,Τάσσου,,,,
Μπαλλής,Συμεών,Γεωργίου,,,,
Ηλιόπουλος,Παναγιώτης,Κωνσταντίνου,,,,
Στεργίου,Κωνσταντίνος,Ελευθερίου,,,,
Κοζομπόλη-Αμανατίδη ,Παναγιώτα,Γεωργίου,,,,
Κωνσταντινέας,Πέτρος,Νικολάου,,,,
Κουκούτσης,Δημήτριος,Νικολάου,,,,
Γιαννακίδης,Ευστάθιος,Αλεξάνδρου,,,,
Στογιαννίδης,Γρηγόριος,Κωνσταντίνου,,,,
Σηφάκης,Ιωάννης,Γεωργίου,,,,
Σαχινίδης,Ιωάννης,Ισαάκ,,,,
Τζαμακλής,Χαρίλαος,Γεωργίου,,,,
Καστόρης,Αστέριος,Νικολάου,,,,
Κουκοδήμος,Κωνσταντίνος,Γεωργίου,,,,
Μουσταφά,Μουσταφά,Μεμέτ,,,,
Καρά,Γιουσούφ,Αϊχάν,Μεμέτ,,,
Σεβαστάκης,Δημήτριος,Αλεξίου,,,,
Σταμπουλή,Αφροδίτη,Αποστόλου,,,,
Τζελέπης,Μιχαήλ,Γεωργίου,,,,
Κόλλια-Τσαρουχά,Μαρία,Ευστρατίου,,,,
Μεγαλομύστακας,Αναστάσιος,Χρήστου,,,,
Δριτσέλη,Παναγιώτα,Ιωάννη,,,,
Σιμορέλης,Χρήστος,Βασιλείου,,,,
Καραναστάσης,Απόστολος,Δημητρίου,,,,
Βέττας,Δημήτριος,Φωτίου,,,,
Μιχελής,Αθανάσιος,Ιωάννη,,,,
Σέλτσας,Κωνσταντίνος,Δημητρίου,,,,
Κωστοπαναγιώτου,Ηλίας,Κωνσταντίνου,,,,
Ιγγλέζη,Αικατερίνη,Θεοδώρου,,,,
Βλάχου,Σωτηρία,Ιωάννη,,,,
Σταθάκης,Γεώργιος,Μηνά,,,,
Βαγιωνάκη,Ευαγγελία,(Βάλια),Νικολάου,,,
Μπαλωμενάκης,Αντώνης,Δημητρίου,,,,
Κουρουμπλής,Παναγιώτης,Ελευθερίου,,,,
Σκουρλέτης,Παναγιώτης,Βασιλείου,(Πάνος),,,
Ξυδάκης,Νικόλαος,Γαλάτη,,,,
Τόσκας,Νικόλαος,Στεφάνου,,,,
Παπαδόπουλος,Χριστόφορος,Κωνσταντίνου,,,,
Δημαράς,Γεώργιος,Θεοδώρου,,,,
Θεωνάς,Ιωάννης,Γρηγορίου,,,,
Τσιρώνης,Ιωάννης,Γεωργίου,,,,
Αυλωνίτου,Ελένη,Βασιλείου,,,,
Καββαδία,Ιωαννέτα,(Αννέτα),Σωκράτη,,,
Παναγούλης,Ευστάθιος,(Στάθης),Βασιλείου,,,
Γεωργιάδης,Σπυρίδων-Άδωνις,Αθανασίου,,,,
Κουμουτσάκος,Γεωργία,Σπυρίδωνος,,,,
Γιακουμάτος,Γεράσιμος,Χαραλάμπους,,,,
Παπακώστα-Σιδηροπούλου,Αικατερίνη,Αγγέλου,,,,
Γερμενής,Γεώργιος,Σπυρίδωνος,,,,
Παναγιώταρος,Ηλίας,Κωνσταντίνου,,,,
Ζαρούλια,Ελένη,Βασιλείου,,,,
Γεννηματά,Φωτεινή,(Φώφη),Γεωργίου,,,
Ψαριανός,Γρηγόριος,Νικολάου,,,,
Καμμένος,Παναγιώτης,(Πάνος),Ηλία,,,
Λεβέντης,Βασίλης,Αποστόλου,,,,
Καρράς,Γεώργιος-Δημήτριος ,Βασιλείου,,,,
Παναγιωτόπουλος,Παναγιώτης,(Πάνος),Παναγιώτη,,,
Κυρίτσης,Γεώργιος,Μιλτιάδη,,,,
Κουίκ,Τέρενς-Σπένσερ-Νικόλαος,Φιλίππου,,,,
Λυμπεράκη,Αντιγόνη,Γεωργίου,,,,
Τσουκαλάς,Κωνσταντίνος,Αγγέλου,,,,
Αντωνοπούλου,Ουρανία,Αντωνίου,,,,
Κυρίτση,Αγλαϊα,Λαζάρου,,,,
Καρκατσούλης,Παναγιώτης,Γεωργίου,,,,
Κωνσταντοπούλου,Ζωή,Ν.,,,,
Σακελλαρίδης,Γαβριήλ,Γεωργίου,,,,
Λεουτσάκος,Ευστάθιος,Πιέρρου,(Στάθης),,,
Αντωνάκου,Σταυρούλα,Αγγέλου,,,,
Λαφαζάνης,Παναγιώτης,Γεωργίου,,,,
Ορφανός,Νικόλαος,Δημητρίου,,,,
Μητρόπουλος,Αλέξιος,Παναγιώτη,,,,
Σωτηρίου,Ελένη,Δημητρίου,,,,
Χαϊκάλης,Παύλος,Γεωργίου,,,,
Κοδέλας,Δημήτριος,Παναγιώτη,,,,
Γαλέος,Γεώργιος,Αθανασίου,,,,
Ζαχαριάς,Κωνσταντίνος,Παναγιώτη,,,,
Κανελλοπούλου,Μαρία,Ανδρέα,,,,
Χατζηλάμπρου,Βασίλειος,Σάββα,,,,
Αρβανίτης-Αβράμης,Μιχαήλ,Κωνσταντίνου,,,,
Σταθάς,Ιωάννης,Παναγιώτη,,,,
Σκούμας,Αθανάσιος,Δημητρίου,,,,
Μπασιάκος,Ευάγγελος,Αθανασίου,,,,
Κοψαχείλης,Τιμολέων,Αθανασίου,,,,
Χαρακίδης,Κυριάκος,Μιχαήλ,,,,
Μαυραγάνης,Νικόλαος,Ανδρέα,,,,
Κώτσιας,Θωμάς,Μάρκου,,,,
Λαπαβίτσας,Κωνσταντίνος,Αντωνίου,,,,
Κριτσωτάκης,Μιχαήλ,Γεωργίου,,,,
Μακαρόνας,Γρηγόριος,Γεωργίου,,,,
Χαραλαμπίδου,Δέσποινα,Δημητρίου,,,,
Τεκτονίδου,Κυριακή,(Βούλα),Αναστασίου,,,
Γαϊτάνη,Ιωάννα,Γεωργίου,,,,
Ταχιάου,Χριστίνα,Γεωργίου,,,,
Αμμανατίδου-(Πασχαλίδου),Ευαγγελία,Γεωργίου,,(Λίτσα),,
Γραικός,Φώτιος,Ευστρατίου,,,,
Μάρκου,Αικατερίνη,Δημοσθένη,,,,
Γερασιμίδου,Ελένη,Νικολάου,,,,
Ξουλίδου,Σταυρούλα,Ιωάννη,,,,
Τσανάκα,Αλεξάνδρα,Δημητρίου,,,,
Μιχαλάκης,Νικόλαος,Ηλία,,,,
Διαμαντόπουλος,Ευάγγελος,Περικλή,,,,
Σαμοΐλης,Στέφανος,Κωνσταντίνου-Νικολάου,,,,
Μακρή,Ραχήλ,Κωνσταντίνου,,,,
Ουζουνίδου,Ευγενία,Χρήστου,,,,
Κάτανας,Χαρίσιος,Λαζάρου,,,,
Κουρεμπές,Θεοφάνης,Σπυρίδωνος,(Φάνης),,,
Διώτη,Ηρώ,Μαρίνου,,,,
Σβερώνη-Χονδρονάσιου,Δέσποινα,Αθανασίου,,,,
Δερμιτζάκης,Κωνσταντίνος,Νικολάου,,,,
Ζερδελής,Ιωάννης,Χριστοφόρου,,,,
Γρηγόρης,Σταύρος,Γεωργίου,,,,
Τζήκα-Κωστοπούλου,Δανάη,Ιωάννη,,,,
Δελημήτρος,Κωνσταντίνος,Ευαγγέλου,,,,
Πετράκος,Αθανάσιος,Κωνσταντίνου,,,,
Ψαρρέα,Ελένη,Παναγιώτη,,,,
Κοντός,Αλέξανδρος,Ευστρατίου,,,,
Σμίας,Χρήστος,Ιωάννη,,,,
Ζάννας,Ζήσης,Γρηγορίου,,,,
Ματθαιόπουλος,Αρτέμιος,Παύλου,,,,
Χατζηδημητρίου,Αλέξανδρος,Νικολάου,,,,
Κυριακάκης,Βασίλειος,Κωνσταντίνου,,,,
Λέβα,Βασιλική,Κωνσταντίνου,,,,
Δριβελέγκας,Ιωάννης,Κωνσταντίνου,,,,
Βαλαβάνη,Όλγα-Νάντια,Γεωργίου,,,,
Στρατούλης,Δημήτριος,Ιωάννη,,,,
Κατριβάνου,Βασιλική,Ηλία,,,,
Ήσυχος,Κωνσταντίνος-Ηρακλής,Νικολάου,,,,
Γεωργιάδης,Σπυρίδων-,-,Άδωνις,Αθανασίου,,
Μεϊμαράκης,Ευάγγελος-Βασίλειος,Ιωάννη,,,,
Ασημακοπούλου,Άννα-Μισέλ,Παναγιώτη,,,,
Παπαχριστόπουλος,Αθανάσιος,Θεμιστοκλή,(Θανάσης),,,
Ιωαννίδης,Ηλίας,Λαζάρου,,,,
Λαζαρίδης,Χρύσανθος,Αλεξάνδρου,,,,
Μιχελάκης,Ιωάννης,Σπυρίδωνος,,,,
Τσουκαλάς,Δημήτριος,Βασιλείου,,,,
Δήμας,Πύρρος,Βίκτωρος,,,,
Κουίκ,Τέρενς,-,Σπένσερ,-,Νικόλαος,Φιλίππου
Παπαδημητρίου,Γεσθημανή,(Μάνια),Θεοδώρου,,,
Πιπιλή,Φωτεινή,Ανδρέα,,,,
Παυλόπουλος,Προκόπιος,Βασιλείου,,,,
Μπόλαρη,Μαρία,Βασιλείου,,,,
Πανούσης,Ιωάννης,Αποστόλου,,,,
Μωραϊτάκης,Αλέξανδρος,Γεωργίου,,,,
Αρβανιτόπουλος,Κωνσταντίνος,Παναγιώτη,,,,
Μελάς,Παναγιώτης,Ιωάννη,,,,
Ρεπούση,Μαρία,Βασιλείου,,,,
Νεράντζης,Αναστάσιος,Δημητρίου,,,,
Βαμβακά,Ευγενία,(Τζένη),Νικολάου,,,
Κουράκος,Ιωάννης,Θωμά,,,,
Γιαννακάκη,Μαρία,Γεωργίου,,,,
Φούντα,Νίκη,Νικολάου,,,,
Λυκουρέντζος,Ανδρέας,Θεοφάνη,,,,
Νταβλούρος,Αθανάσιος,Περικλή,,,,
Νταβρής,Γεώργιος,Χαραλάμπους,,,,
Τσούκαλης,Νικόλαος,Σπυρίδωνος,,,,
Καράμπελας,Ιωάννης,Δημητρίου,,,,
Αηδόνης,Χρήστος,Ευαγγέλου,,,,
Γεροντόπουλος,Κυριάκος,Χριστόδουλου,,,,
Δερμεντζόπουλος,Αλέξανδρος,Χρήστου,,,,
Ντόλιος,Γεώργιος,Πασχάλη,,,,
Ουζουνίδης,Μαρίνος,Δημητρίου,,,,
Μαρκόπουλος,Κωνσταντίνος,Αθανασίου,,,,
Αναγνωστάκης,Δημήτριος,Θεοδώρου,,,,
Κοντογιάννης,Γεώργιος,Δημητρίου,,,,
Μαρίνος,Ανδρέας,Σπυρίδωνος,,,,
Μπατσαρά,Γεωργία,Νικολάου,,,,
Γιοβανόπουλος,Κωνσταντίνος,Γεωργίου,,,,
Διακάκη,Μαρία,Νικολάου,,,,
Δαμαβολίτης,Κωνσταντίνος,Εμμανουήλ,,,,
Δεικτάκης,Γεώργιος,Νικολάου,,,,
Μπέζας,Αντώνιος,Εμμανουήλ,,,,
Ιωαννίδης,Ιωάννης,Δημητρίου,,,,
Ορφανός,Γεώργιος,Δημητρίου,,,,
Αβραμίδης,Γαβριήλ,Νικολάου,,,,
Γιαταγάνα,Χρυσούλα-Μαρία,Θεοδώρου,,,,
Ξηροτύρη-Αικατερινάρη,Ασημίνα,Γεωργίου,,,,
Κωνσταντινίδης,Θεοδόσιος,Νικολάου,,,,
Αμμανατίδου-,-,(Πασχαλίδου),Ευαγγελία,(Λίτσα),Γεωργίου,
Ζησιμόπουλος,Πολύβιος,Παναγιώτη,,,,
Κασσής,Μιχαήλ,Αριστείδη,,,,
Καλαντζής,Γεώργιος,Κωνσταντίνου,,,,
Κλειτσιώτης,Κωνσταντίνος,Χρήστου,,,,
Ταλιαδούρος,Σπυρίδων,Αθανασίου,,,,
Αναγνωστόπουλος,Γεώργιος,Θεοδώρου,,,,
Δένδιας,Νικόλαος,-,Γεώργιος,Σπυρίδωνος,,
Γκερέκου,Αγγελική,Ιωάννη,,,,
Κουκουλόπουλος,Παρασκευάς,(Πάρις),Δημητρίου,,,
Μπούκουρας,Ευστάθιος,Νικολάου,,,,
Ρήγας,Παναγιώτης,Θεοφάνη,,,,
Πατριανάκου,Φεβρωνία,Πέτρου,,,,
Γελαλής,Δημήτρης,Λεωνίδα,,,,
Σαχινίδης,Φίλιππος,Δημητρίου,,,,
Αλεξόπουλος,Χρυσοβαλάντης,Δημητρίου,,,,
Ψύρρας,Θωμάς,Θεοδώρου,,,,
Βογιατζής,Παύλος,Γεωργίου,,,,
Σηφουνάκης,Νικόλαος,Οδυσσέα,,,,
Σολδάτος,Θεόδωρος,Φωτίου,,,,
Χρυσοβελώνη,Μαρίνα,Γεωργίου,,,,
Μουτσινάς,Παρίσης,(Πάρις),Ιωάννη,,,
Σαμπαζιώτης,Δημήτρης,Αθανασίου,,,,
Σαλτούρος,Δημήτριος,Παναγιώτη,,,,
Τζαμτζής,Ιορδάνης,(Δάνης),Συμεών,,,
Κωνσταντόπουλος,Γεώργιος,Λεωνίδα,,,,
Χριστογιάννης,Δημήτριος,Διονυσίου,,,,
Μάνη-Παπαδημητρίου,΄Αννα,Ευαγγέλου,,,,
Τσουμάνης,Δημήτριος,Αχιλλέα,,,,
Χατζή,Οσμάν,Αχμέτ,Ραήφ,,,
Καλογερή,Αγνή,Κωνσταντίνου,,,,
Βλάχβεης,Μενέλαος,Χρήστου,,,,
Κόλλια,-,Τσαρουχά,Μαρία,Ευστρατίου,,
Βλαχογιάννης,Ηλίας,Γεωργίου,,,,
Ταμήλος,Μιχαήλ,Κωνσταντίνου,,,,
Κουτσογιαννακόπουλος,Κωνσταντίνος,Ιωάννη,,,,
Μακρή-Θεοδώρου,Ελένη,Ευαγγέλου,,,,
Μπριάνης,Δημήτριος,Κωνσταντίνου,,,,
Γερμανίδης,Αθανάσιος,Ιωάννη,,,,
Μανδρέκα,Ασπασία,Παναγιώτη,,,,
Καρανάσιος,Ευθύμιος,Βασιλείου,,,,
Μαρκογιαννάκης,Χρήστος,Εμμανουήλ,,,,
Βολουδάκης,Μανούσος,-,Κωνσταντίνος,Γεωργίου,,
Βιρβιδάκης,Κυριάκος,Επαμεινώνδα,,,,
Τριαντάφυλλος,Κωνσταντίνος,Δημοσθένη,,,,
Ντινόπουλος,Αργύρης,Βασιλείου,,,,
Γεωργιάδης,Σπυρίδων,-,Άδωνις,Αθανασίου,,
Μεϊμαράκης,Ευάγγελος,-,Βασίλειος,Ιωάννη,,
Πολύδωρας,Βύρων,Γεωργίου,,,,
Παπακώστα,-,Σιδηροπούλου,Αικατερίνη,Αγγέλου,,
Τατσόπουλος,Πέτρος-Γεώργιος,Ευαγγέλου,,,,
Αλεξόπουλος,Απόστολος,Ιωάννη,,,,
Χρυσοχοΐδης,Μιχαήλ,Βασιλείου,,,,
Ανδρουλάκης,Δημήτριος,(Μίμης),Γρηγορίου,,,
Κακλαμάνης,Απόστολος,Χρήστου,,,,
Δημαράς,Ιωάννης,Νικολάου,,,,
Καπερνάρος,Βασίλειος,Ηλία,,,,
Κουβέλης,Φώτιος-Φανούριος,Ευαγγέλου,,,,
Βουδούρης,Οδυσσεύς,-,Νίκος,Γεωργίου,,
Χαλβατζής,Σπυρίδων,Εμμανουήλ,,,,
Ιακωβίδου,Παναγιώτα,(Τάνια),Χρυσοστόμου,,,
Χατζησοφιά,Άννα,Φωτίου,,,,
Κούβελα,Φωτεινή,Δημητρίου,,,,
Γλέζος,Εμμανουήλ,Νικολάου,,,,
Γιαννάκης,Μιχαήλ,Ευαγγέλου,,,,
Αβραμόπουλος,Δημήτριος,Λάμπρου,,,,
Ψυχάρης,Ανδρέας,Σταύρου,,,,
Βουλδής,Ιωάννης,Θεοδώρου,,,,
Παντελάκη,Ελπίδα,Αντωνίου,,,,
Λιντζέρης,Δημήτριος,Γεωργίου,,,,
Αρβανίτη-Πρεβεζάνου,Ευγενία,Ανδρέα,,,,
Σμολοκτός,Νικόλαος,Αποστόλου,,,,
Γάσπαρος,Διονύσιος,Ιωάννη,,,,
Κωνσταντόπουλος,Ιωάννης,Θεοδώρου,,,,
Κρέσπης,Νικόλαος,Αναστασίου,,,,
Καρανίκα,Ξανθίππη,Πέτρου,,,,
Ταμπάκη-Σοφρόνωφ,Ιωάννα,Ελευθερίου,,,,
Κεφαλογιάννης,Εμμανουήλ,Κωνσταντίνου,,,,
Μαριάς,Επαμεινώνδας,(Νότης),Αθανασίου,,,
Ζιώγας,Ιωάννης,Ηλία,,,,
Αμμανατίδου,-,(Πασχαλίδου),Ευαγγελία,(Λίτσα),Γεωργίου,
Τσιόκας,Θεοχάρης,(Χάρης),Δημητρίου,,,
Έξαρχος,Νικόλαος,(Πάκος),Θεοφάνη,,,
Μπούτας,Ευάγγελος,Θωμά,,,,
Κουμπάνης,Συμεών,Ιωάννη,,,,
Χαραλάμπους,Χαράλαμπος,Μιχαήλ,,,,
Σταμπολίδης,Κωνσταντίνος,Ιωάννη,,,,
Τσικαρδάνη,Θεοδώρα,Αλεξάνδρου,,,,
Βουτσίνος,Μάριος,Ιωάννη,,,,
Ζώης,Χρήστος,Κωνσταντίνου,,,,
Καρχιμάκης,Μιχαήλ,Ελευθερίου,,,,
Καραγιάννης,Δημήτριος,Βασιλείου,,,,
Νάκος,Αθανάσιος,Σταύρου,,,,
Νάνος,Απόστολος,Γεωργίου,,,,
Γραμματικόπουλος,Αθανάσιος,Δημητρίου,,,,
Παπαδόπουλος,Ευγένιος,Ιωάννη,,,,
Ιωάννου,Βασίλειος,Ιωάννη,,,,
Όθωνας,Εμμανουήλ,Όθωνα,,,,
Μαυρατζώτης,Δημήτριος,Εμμανουήλ,,,,
Σιώης,Νικήτας,Γεωργίου,,,,
Φωτίου,Ευάγγελος,Γεωργίου,,,,
Οικονόμου,Γεώργιος,Χρήστου,,,,
Κανταρτζής,Αχιλλέας,Κλεομένη,,,,
Τσώνης,Νικόλαος,Αθανασίου,,,,
Χειμάρας,Θεόδωρος,Αντωνίου,,,,
Γκλέτσος,Απόστολος,Κωνσταντίνου,,,,
Σαμαράς,Νικόλαος,Ιωάννη,,,,
Γυπάρης,Κωνσταντίνος,Γεωργίου,,,,
Μουσουρούλης,Κωνσταντίνος,Δημητρίου,,,,
Σπηλιωτόπουλος,Αριστόβουλος,(Άρης),Ελευθερίου,,,
Παπαθανασίου,Γιάννης,Δημητρίου,,,,
Παπαδημούλης,Δημήτριος,Χριστόδουλου,,,,
Δούρου,Ειρήνη,(Ρένα),Αθανασίου,,,
Μανώλης,Ιωάννης,Γεωργίου,,,,
Κοντογιαννίδης,Παύλος,Χρήστου,,,,
Βουλβουκέλη,Βασιλική-Ραφαέλλα,Σταύρου,,,,
Κροκίδη,Λίνα,Νικολάου,,,,
Βουδούρης,Οδυσσεύς-Νίκος,Γεωργίου,,,,
Παναρίτη,Ελένη,(Έλενα),Ιωάννου,,,
Μόσιαλος,Ηλίας,Αρχοντή,,,,
Γερουλάνος,Παύλος,Μαρίνου,,,,
Σιούφας,Δημήτριος,Γεωργίου,,,,
Τσουμάνη-Σπέντζα,Ευγενία,Λάμπρου,,,,
Καζάκος,Κωνσταντίνος,Αναστασίου,,,,
Κοραντής,Ιωάννης,Αντωνίου,,,,
Μουλόπουλος,Βασίλειος,Διονυσίου,,,,
Αντώναρος,Ευάγγελος,Αρχελάου,,,,
Καραπαναγιώτη,Τατιάνα,Λεωνίδα-Αθανασίου,,,,
Διαμαντοπούλου,Άννα,Δημητρίου,,,,
Παπουτσής,Χρήστος,Δημητρίου,,,,
Αλευράς,Αθανάσιος,(Νάσος),Γεωργίου,,,
Τσούρας,Αθανάσιος,Αγγέλου,,,,
Κουβέλης,Σπυρίδων,Σταύρου,,,,
Βόζεμπεργκ,Ελισσάβετ,(Ελίζα),Κυριάκου,,,
Οικονόμου,Παντελής,Σπυρίδωνα,,,,
Καρύδης,Δημήτριος,Μιχαήλ,,,,
Μπεντενιώτης,Εμμανουήλ,Ανάργυρου,,,,
Αποστολάτος,Βαϊτσης,Σπυρίδωνα,,,,
Νιώτης,Γρηγόριος,Δημητρίου,,,,
Διαμαντίδης,Ιωάννης,Δημητρίου,,,,
Νικολαϊδου,Βαρβάρα,(Βέρα),Αρίσταρχου,,,
Ανατολάκης,Γεώργιος,Στεφάνου,,,,
Πάγκαλος,Θεόδωρος,Γεωργίου,,,,
Ασπραδάκης,Παντελεήμων,(Παντελής),Μιχαήλ,,,
Βρεττός,Κωνσταντίνος,(Ντίνος),Σπυρίδωνος,,,
Καντερές,Νικόλαος,Ευαγγέλου,,,,
Λεβέντης,Αθανάσιος,Σωτηρίου,,,,
Καλαποθαράκος,Χρήστος,Βασιλείου,,,,
Μακρυπίδης,Ανδρέας,Διονυσίου,,,,
Γιαννακά,Σοφία,Δημητρίου,,,,
Παπαδημητρίου,Ελισάβετ,(Έλσα),Δημητρίου,,,
Ρέππας,Δημήτριος,Παναγιώτη,,,,
Τσιρώνης,Δημήτριος,Μιχαήλ,,,,
Παπασιώζος,Κωνσταντίνος,Χρήστος,,,,
Σπηλιόπουλος,Κωνσταντίνος,Γεωργίου,,,,
Τριανταφυλλόπουλος,Ανδρέας,Θεοδώρου,,,,
Μπεκίρης,Μιχαήλ,Βασιλείου,,,,
Χρυσανθακόπουλος,Αλέξανδρος,Χρήστου,,,,
Κυριακοπούλου,Μαρία,Ηλία,,,,
Τόγιας,Βασίλειος,Ιωάννη,,,,
Τσόνογλου,Βασιλική,Παράσχου,,,,
Αγάτσα,Αριάδνη,Αριστείδη,,,,
Χαντάβας,Αθανάσιος,Αριστοτέλη,,,,
Τζίμας,Μαργαρίτης,Γεωργίου,,,,
Νικητιάδης,Γεώργιος,Νικολάου,,,,
Ζωίδης,Νικόλαος,Ηλία,,,,
Κασσάρας,Γεώργιος,Ιωάννη,,,,
Ρενταρή-Τέντε,Όλγα,Νικολάου,,,,
Τσιαούση,Ελένη,Παναγιώτη,,,,
Περλεπέ-Σηφουνάκη,Αικατερίνη,Αγγέλου,,,,
Παπανδρέου-Παπαδάκη,Ουρανία,Νικολάου,,,,
Καρανίκας,Ηλίας,Δημητρίου,,,,
Κλαυδιανού,Μαρία,Γεωργίου,,,,
Αντωνακόπουλος,Παναγιώτης,Γεωργίου,,,,
Δημητρουλόπουλος,Παναγιώτης,(Τάκης),Πανταζή,,,
Σιδηρόπουλος,Αναστάσιος,Γεωργίου,,,,
Γικόνογλου,Αθανάσιος,Μόσχου,,,,
Χαλκίδης,Μιχαήλ,Γεωργίου,,,,
Παρασύρης,Φραγκίσκος,Γεωργίου,,,,
Στρατάκης,Εμμανουήλ,Σοφοκλή,,,,
Σκραφνάκη,Μαρία,Γρηγορίου,,,,
Κατσούρας,Χρήστος,Σπυρίδωνα,,,,
Αράπογλου,Χρυσή,Ανέστη,,,,
Μαγκριώτης,Ιωάννης,Αστερίου,,,,
Καϊλή,Ευδοξία-Εύα,Aλεξάνδρου,,,,
Βούγιας,Σπυρίδων,Αλεξάνδρου,,,,
Καλαντίδου,Σοφία,Παναγιώτη,,,,
Κολοκοτρώνης,Άγγελος,Χρήστου,,,,
Γερανίδης,Βασίλειος,Θεοδώρου,,,,
Ιγνατιάδης,Θεόδωρος,Γεωργίου,,,,
Παντούλας,Μιχαήλ,Χρήστου,,,,
Αργύρης,Ευάγγελος,Ιωάννη,,,,
Οικονόμου,Αθανάσιος,Σωκράτη,,,,
Τιμοσίδης,Μιχαήλ,Ιωάννη,,,,
Παπουτσής,Δημήτριος,Πασχάλη,,,,
Εμινίδης,Σάββας,Κωνσταντίνου,,,,
Ρόβλιας,Κωνσταντίνος,Χρήστου,,,,
Σαλαγιάννης,Νικόλαος,Βασιλείου,,,,
Θεοχάρη,Μαρία,Αριστοτέλη,,,,
Πετσάλνικος,Φίλιππος,Ιωάννη,,,,
Μοσχόπουλος,Σπυρίδωνας,Αγαθαγγέλου,,,,
Κιλτίδης,Κωνσταντίνος,Βασιλείoυ,,,,
Αθανασιάδης,Αλέξανδρος,Θεοδώρου,,,,
Βλατής,Ιωάννης,Νικολάου,,,,
Μπεγλίτης,Παναγιώτης,Ανδρέα,,,,
Φαρμάκη-Γκέκη,Αικατερίνη,Γεωργίου,,,,
Μανωλάκης,Άγγελος,Χρήστου,,,,
Παπαμανώλης,Γεώργιος,Νικολάου,,,,
Αποστολάκος,Γρηγόριος,Γεωργίου,,,,
Έξαρχος,Βασίλειος,Θεοδώρου,,,,
Σκυλλάκος,Αντώνιος,Ηλία,,,,
Ροντούλης,Αστέριος,Γεωργίου,,,,
Αλεξανδρίδου,Βασιλική,Παύλου,,,,
Γαληνός,Σπυρίδων,(Σπύρος),Μιχαήλ,,,
Σκοπελίτης,Σταύρος,Γεωργίου,,,,
Μαργέλης,Σπυροπάνος,Νικολάου,,,,
Καρτάλης,Κωνσταντίνος,Ιωάννη,,,,
Ζήση,Ροδούλα,Αθανασίου,,,,
Μαρκάκης,Παύλος,Γεωργίου,,,,
Κουσελάς,Δημήτριος,Ηλία,,,,
Μάντατζη,Τσετίν,Μουχάμερ,,,,
Ξυνίδης,Σωκράτης,Γεωργίου,,,,
Θεοδωρίδης,Ηλίας,Ιωάννη,,,,
Γιουματζίδης,Βασίλειος,Μελετίου,,,,
Αμοιρίδης,Ιωάννης,Παναγιώτη,,,,
Παπαγεωργίου,Αθανάσιος,Ανδρέα,,,,
Μίχου,Μαρία,Κωνσταντίνου,,,,
Παπαχρήστος,Ευάγγελος,Καλλίμαχου,,,,
Πεταλωτής,Γεώργιος,Στυλιανού,,,,
Βαρδίκος,Πυθαγόρας,Χαραλάμπους,,,,
Κουτμερίδης,Ευστάθιος,Θεοδώρου,,,,
Καριπίδης,Αναστάσιος,Δημητρίου,,,,
Κόλλια-Τσαρούχα,Μαρία,Ευστρατίου,,,,
Πολατίδης,Ηλίας,Χαραλάμπους,,,,
Χάϊδος,Χρήστος,Ιωάννη,,,,
Μαγκούφης,Χρήστος,Ευθυμίου,,,,
Μερεντίτη,Αθανασία,(Σούλα),Δημητρίου,,,
Χατζηγάκης,Σωτήριος,Μιχαήλ,,,,
Σκρέκας,Θεόδωρος,Κωνσταντίνου,,,,
Μπατζελή,Αικατερίνη,Γεωργίου,,,,
Γιαννόπουλος,Αθανάσιος,Λάμπρου,,,,
Λιάνης,Γεώργιος,Θεμιστοκλή,,,,
Παπαθανάση,Αφροδίτη,Κωνσταντίνου,,,,
Κατσαρού,Άννα,Χρήστου,,,,
Δαμιανάκης,Ευτύχιος,Νικολάου,,,,
Βαλυράκης,Ιωσήφ,Ιωαν.,,,,
Κουρουπάκη,Ευαγγελία,Σταύρου,,,,
Κατσέλη,Λουκία-Ταρσίτσα,(Λούκα),Πελοπίδα,,,
Αποστολάκη,Ελένη-Μαρία,(Μιλένα),Γεωργίου,,,
Ευθυμίου,Πέτρος,Δημητρίου,,,,
Παπανδρέου,Βασιλική,(Βάσω),Ανδρέα,,,
Χυτήρης,Τηλέμαχος,Γερασίμου,,,,
Κουτρουμάνης,Γεώργιος,Σπυρίδωνος,,,,
Νταλάρα,Άννα,Γεωργίου,,,,
Γείτονας,Κωνσταντίνος,Ιωάννη,,,,
Παπαϊωάννου,Μιλτιάδης,Ηλία,,,,
Βούρος,Ιωάννης,Στεφάνου,,,,
Χαραλαμπόπουλος,Γεώργιος-Ερνέστος,Ιωάννη,,,,
Πρωτόπαπας,Χρήστος,Ιωάννη,,,,
Μαυρίκος,Γεώργιος,Εμμανουήλ,,,,
Παπακωνσταντίνου,Νικόλαος,Χρήστου,,,,
Πρωτούλης,Ιωάννης,Παναγιώτη,,,,
Καρατζαφέρης,Γεώργιος,Ιωάννη,,,,
Αϊβαλιώτης,Κωνσταντίνος,Ιωάννη,,,,
Κουβέλης,Φώτιος,-,Φανούριος,Ευαγγέλου,,
Τσουρή,Ελπίδα,Στεφάνου,,,,
Μίχος,Λάμπρος,Σπυρίδωνος,,,,
Ντουκάκης,Μανούσος,Ιωάννη,,,,
Έβερτ,Μιλτιάδης,Αγγέλου,,,,
Σουφλιάς,Γεώργιος,Αθανασίου,,,,
Χηνοφώτης,Παναγιώτης,Διονυσίου,,,,
Δραγώνα,Θάλεια,Ιωάννη,,,,
Μπανιάς,Ιωάννης,Βασιλείου,,,,
Μπεριάτος,Ηλίας,Τηλέμαχου,,,,
Αλογοσκούφης,Γεώργιος,Σπυρίψων,,,,
Βουλγαράκης,Γεώργιος,Αποστόλου,,,,
Μπενάκη,-,Ψαρούδα,Άννα,Ευαγγέλου,,
Καφαντάρη,Ευθαλία,(Λίλα),Ηλία,,,
Φιλίνη,Άννα,Κωνσταντίνου,,,,
Κοροβέσης,Περικλής-Ηλίας,Χρίστου,,,,
Γεωργίου,Γεώργιος,Στεργίου,,,,
Μιχαλολιάκος,Βασίλειος,Ιωάννη,,,,
Σημίτης,Κώστας,Γεωργίου,,,,
Αράπογλου,Δήμητρα,Διαμαντή,,,,
Δούκας,Πέτρος,Γεωργίου,,,,
Σταύρου,Απόστολος,Ευαγγέλου,,,,
Μαγγίνας,Βασίλειος,Νικολάου,,,,
Κρανιάς,Δημήτριος,Ηλία,,,,
Τατούλης,Πέτρος,Παναγιώτη,,,,
Παπαγεωργίου,Γεώργιος,Ιωάννη,,,,
Παπαδημάτος,Νικόλαος,Παναγιώτη,,,,
Ράγιου-Μεντζελοπούλου,Αναστασία,(Νατάσα),Θεοφάνη,,,
Κατσιφάρας,Απόστολος,Ιωάννη,,,,
Βέρρας,Μιλτιάδης,Ηλία,,,,
Φώλιας,Χρήστος,Σωτηρίου,,,,
Δαϊλάκης,Σταύρος,Αποστόλου,,,,
Παυλίδης,Αριστοτέλης,Αντωνίου,,,,
Βαληνάκης,Ιωάννης,Γεωργίου,,,,
Καραμάριος,Αναστάσιος,Εμμανουήλ,,,,
Λιάσκος,Αναστάσιος,Ιωάννη,,,,
Βαρβαρίγος,Δημήτριος,Αντωνίου,,,,
Κανελλοπούλου,Κρινιώ,Αθανασίου,,,,
Αδρακτάς,Παναγιώτης,Φωτίου,,,,
Φωτιάδης,Ηλίας,Χρήστου,,,,
Μπαντουβάς,Κωνσταντίνος,Κωνσταντίνου,,,,
Σκουλάς,Ιωάννης,Γεωργίου,,,,
Αλαβάνος,Αλέξανδρος,Νικολάου,,,,
Τζιτζικώστας,Απόστολος-Ιωάννης,Γεωργίου,,,,
Σαλαγκούδης,Γεώργιος,Αριστοτέλη,,,,
Ρεγκούζας,Αδάμ,Παναγιώτη,,,,
Αλυσανδράκης,Κωνσταντίνος,Εμμανουήλ,,,,
Χριστοφιλογιάννης,Δημήτριος,Βασιλείου,,,,
Μπουζάλη,Παρασκευή,Βασιλείου,,,,
Παρίσης,Αλέξανδρος,Παναγή,,,,
Τσιτουρίδης,Σάββας,Κυριάκου,,,,
Φλωρίδης,Γεώργιος,Διαμαντή,,,,
Τσιαρτσιώνης,Νικόλαος,Γεωργίου,,,,
Παπαληγούρας,Αναστάσιος-Πέτρος,Παναγιώτη,,,,
Κόρκα-Κώνστα,Αθηνά,Αντωνίου,,,,
Μανούσου-Μπινοπούλου,Αριάδνη,Χρήστου,,,,
Σκανδαλάκης,Παναγιώτης,Νικολάου,,,,
Αγοραστός,Κωνσταντίνος,Αναστασίου,,,,
Νασιώκας,Έκτορας,Παναγιώτη,,,,
Γιαννέλλης-Θεοδοσιάδης,Ιωάννης,Ζαφειρίου,,,,
Σούρλας,Γεώργιος,Ιωάννη,,,,
Γκατζής,Νικόλαος,Φιλίππου,,,,
Καλαντζάκου,Σοφία,Αριστείδη,,,,
Σγουρίδης,Παναγιώτης,Σγουρή,,,,
Φουντουκίδου,-,Θεοδωρίδου,Παρθένα,Ευσταθίου,,
Καρπούζας,Αντώνιος,Ευαγγέλου,,,,
Τρυφωνίδης,Γεώργιος,Παναγιώτη,,,,
Λαμπίρης,Ηλίας,Ευαγγέλου,,,,
Θαλασσινός,Θαλασσινός,Πέτρου,,,,
Καραμανλής,Αχιλλεύς,Γεωργίου,,,,
Λέγκας,Νικόλαος,Σωτηρίου,,,,
Σταυρογιάννης,Νικόλαος,Δημητρίου,,,,
Καλλιώρας,Ηλίας,Δημητρίου,,,,
Πάππας,Βασίλειος,Νικολάου,,,,
Νικηφοράκης,Στυλιανός,Γεωργίου,,,,
Σκουλάκης,Εμμανουήλ,Γεωργίου,,,,
Κοσμίδης,Ιωάννης,Γεωργίου,,,,
Ζαγορίτης,Ελευθέριος,(Λευτέρης),Γερασίμου,,,
Λιάπης,Μιχάλης-Γιώργος,Κωνσταντίνου,,,,
Πετραλιά-Πάλλη,Φάνη,Επαμεινώνδα,,,,
Σταθάκης,Αριστοτέλης,(Άρης),Παντελή,,,
Κασίμης,Θεόδωρος,Παναγιώτη,,,,
Δαμανάκη,Μαρία,Θεοδώρου,,,,
Παπαδόπουλος,Αλέξανδρος,(Αλέκος),Κωνσταντίνου,,,
Μελά,Παναγιώτα-Εύα,Παύλου,,,,
Ανδριοπούλου,Σοφία,Ευσταθίου,,,,
Μπερνιδάκη-Άλντους,Ελευθερία,Αντωνίου,,,,
Καρύδη,Χρυσή,Νικολάου,,,,
Μάνος,Στέφανος,Αλεξάνδρου,,,,
Κοσμίδης,Σωκράτης,Ιωάννη,,,,
Βρεττού,Αγάθη,(Ρόζα),Σπυρίδωνα,,,
Γιαννάκου,Μαριορή,(Μαριέττα),Παναγιώτη,,,
Κωνσταντάρας,Δημήτριος,Λάμπρου,,,,
Ράπτη,Αναστασία-Συλβάνα,Σπυρίδωνα,,,,
Παπαντωνίου,Ιωάννης,(Γιάννος),Παναγιώτη,,,
Κωνσταντόπουλος,Νικόλαος,Ανδρέα,,,,
Αρσένης,Γεράσιμος,Διονυσίου,,,,
Κοντού,Μάρω,Ανδρέα,,,,
Μαντούβαλος,Πέτρος,Σταύρου,,,,
Καλός,Γεώργιος,Βασιλείου,,,,
Βασιλείου,Γεώργιος,Βασιλείου,,,,
Κατσιγιάννης,Αθανάσιος,Χρήστου,,,,
Κατσίκης,Θεόδωρος,Κωνσταντίνου,,,,
Παπαηλίας,Ηλίας,Νικολάου,,,,
Καραγκούνης,Ανδρέας,Βελισάριου,,,,
Αγγελόπουλος,Νικόλαος,Κωνσταντίνου,,,,
Κωστόπουλος,Απόστολος,Δημητρίου,,,,
Βερελής,Χρήστος,Δημητρίου,,,,
Καραμπίνας,Κωνσταντίνος,Ιωάννη,,,,
Κολιοπάνος,Θεόδωρος,Ιωάννη,,,,
Σπηλιωτόπουλος,Σπήλιος,Παναγιώτη,,,,
Βασιλείου,Θεόφιλος,Αθανασίου,,,,
Κοσιώνης,Παναγιώτης,Ανδρέα,,,,
Θωμά,Μαρία,Αλεξίου,,,,
Ακριβάκης,Αλέξανδρος,Δημητρίου,,,,
Χρύσης,Βασίλειος,Κωνσταντίνου,,,,
Καΐσερλης,Κωνσταντίνος,Γεωργίου,,,,
Παρασκευάς,Ιωάννης,Δημητρίου,,,,
Φωτιάδης,Απόστολος,Δημοσθένη,,,,
Πιπεργιάς,Δημήτριος,Παντελή,,,,
Τσιαμάκης,Δημοσθένης,Κωνσταντίνου,,,,
Γεωργακόπουλος,Δημήτριος,Χρήστου,,,,
Φραγκιαδουλάκης,Εμμανουήλ,Γεωργίου,,,,
Ματζαπετάκης,Στυλιανός,Εμμανουήλ,,,,
Παπαθεμελής,Στυλιανός-Άγγελος,Μιχαήλ,,,,
Σπηλιόπουλος,Αναστάσιος,Ιωάννη,,,,
Τσοχατζόπουλος,Απόστολος-Αθανάσιος,Ευαγγέλου,,,,
Χουρμουζιάδης,Γεώργιος,Χαραλάμπους,,,,
Γαλαμάτης,Δημήτριος,Ιωάννη,,,,
Τζέκης,Άγγελος,Κωνσταντίνου,,,,
Φούσας,Αντώνιος,Γρηγορίου,,,,
Τσακλίδης,Ιωάννης,Κωνσταντίνου,,,,
Αγγελής,Ανέστης,Στεφάνου,,,,
Γεωργιάδης,Νικόλαος,Γερασίμου,,,,
Αλιβιζάτος,Πέτρος-Παύλος,Παύλου,,,,
Λωτίδης,Λάζαρος,Κυριάκου,,,,
Χωρέμης,Αναστάσιος,Ιωάννη,,,,
Χωματάς,Ιωάννης,Δημητρίου,,,,
Γαρουφαλιάς,Γεώργιος,Βασιλείου,,,,
Χατζημιχάλης,Νικόλαος,-,Φώτιος,Δημητρίου,,
Τσιόγκας,Δημήτριος,Βασιλείου,,,,
Γιαννέλλης,-,Θεοδοσιάδης,Ιωάννης,Ζαφειρίου,,
Καλογήρου,Χριστιάνα,Δούκα,,,,
Βεργίνης,Ξενοφών,Νικολάου,,,,
Κατσιλιέρης,Πέτρος,Ιωάννη,,,,
Τσαλίδης,Φίλιππος,Γεωργίου,,,,
Πολύζος,Ευάγγελος,Γεωργίου,,,,
Τσαντούλας,Δημήτριος,Χριστοφόρου,,,,
Μανωλιά,Χρυσάνθη,Παντελή,,,,
Χαϊτίδης,Ευγένιος,Δημητρίου,,,,
Τσιπλάκης,Κωνσταντίνος,Αθανασίου,,,,
Μουσιώνης,Αριστείδης,Ιωάννη,,,,
Παπαδήμας,Λάμπρος,Ηλία,,,,
Κορτσάρης,Νικόλαος,Χαραλάμπους,,,,
Χριστοδουλάκης,Νίκος,Μιχαήλ,,,,
Τζαννετάκης,Τζαννής,Πέτρου,,,,
Ανδρεουλάκος,Απόστολος,Γεωργίου,,,,
Καρράς,Κώστας,Βασιλείου,,,,
Κουλούρης,Κίμων,Αριστοτέλη,,,,
Ανωμερίτης,Γεώργιος,Δημητρίου,,,,
Μπένος,Σταύρος,-,Ιωάννης,Θεοδώρου,,
Κατσέλη,Ελεωνόρα,(Νόρα),,Πελοπίδα,,
Τζουμάκας,Στέφανος,Αθανασίου,,,,
Κολοζώφ,Ορέστης,Ορέστη,,,,
Πίττας,Ιωάννης,Ελευθερίου,,,,
Γιαννόπουλος,Αργύριος,Ευαγγέλου,,,,
Αυγερινός,Παρασκευάς,Κωνσταντίνου,,,,
Σπυράκη,Χριστίνα,Βασιλείου,,,,
Τσουκάτος,Θεόδωρος,Εμμανουήλ,,,,
Βαρβιτσιώτης,Ιωάννης,Μιλτιάδη,,,,
Μολυβιάτης,Πέτρος,Γεωργίου,,,,
Ψαχαρόπουλος,Γεώργιος,Αντωνίου,,,,
Νεονάκης,Μιχάλης,Κωνσταντίνου,,,,
Μανίκας,Στέφανος,Αναστασίου,,,,
Ανουσάκη,Ελένη-Ηλέκτρα,Ευαγγέλου,,,,
Καρά,Μαρία,Τριαντάφυλλου,,,,
Φασούλας,Παναγιώτης,Ιωάννη,,,,
Λαλιώτης,Κωνσταντίνος,Γεωργίου,,,,
Κρητικός,Παναγιώτης,Νικολάου,,,,
Καψής,Γιάννης,Παντελή,,,,
Γιαννάκης,Ιωάννης,Επαμεινώνδα,,,,
Στεργίου,Ιωάννα,Κωνσταντίνου,,,,
Σμυρλής-Λιακατάς,Χρήστος,Ανδρέα,,,,
Βαϊνάς,Ιωάννης,Βασιλείου,,,,
Στριφτάρης,Σπυρίδων,Δημητρίου,,,,
Θωμόπουλος,Ιωάννης,Πέτρου,,,,
Τσούρνος,Γεώργιος,Ηλία,,,,
Σπυρόπουλος,Ροβέρτος,Αποστόλου,,,,
Κωστόπουλος,Δημήτριος,Νικολάου,,,,
Κοσσυβάκης,Δημήτριος,Γεωργίου,,,,
Φούρας,Ανδρέας,Αθανασίου,,,,
Θωμάς,Γεώργιος,Πέτρου,,,,
Αποστολίδης,Λουκάς,Θωμά,,,,
Τσιπλάκος,Αριστείδης,Ιωάννη,,,,
Τζιόλας,Ελευθέριος,Γεωργίου,,,,
Κωνσταντίνου,Φλώρος,Φωτίου,,,,
Παπαδόπουλος,Σταύρος,Ιωάννη,,,,
Σφυρίου,Κοσμάς,Προδρόμου,,,,
Παπανικόλας,Βασίλειος,Νικηφόρου,,,,
Δημοσχάκης,Θεοφάνης,Κωνσταντίνου,,,,
Λυμπερακίδης,Λεωνίδας,Γρηγορίου,,,,
Νικολαίδης,Ιωάννης,Χρήστου,,,,
Θεοδώρου,Χρήστος,Αλεξάνδρου,,,,
Κεδίκογλου,Βασίλειος,Συμεών,,,,
Παπαγεωργόπουλος,Ελευθέριος,Νικολάου,,,,
Τσίπρας,Βασίλης,Σταύρου,,,,
Γκούσκος,Διονύσιος,Κωνσταντίνου,,,,
Ζαφειρόπουλος,Ιωάννης,Γεωργίου,,,,
Κορκολόπουλος,Βασίλειος,Διονυσίου,,,,
Χρονόπουλος,Γεώργιος,Νικολάου,,,,
Γικόνογλου,Μόσχος,Χαραλάμπους,,,,
Αποστολάκης,Δημήτριος,Εμμανουήλ,,,,
Σχοιναράκη,-,Ηλιάκη,Ευαγγελία,Διογένη,,
Βρέντζος,Σταύρος,Σπυρίδων,,,,
Τσοχατζόπουλος,Απόστολος,-,Αθανάσιος,Ευαγγέλου,,
Παπαθεμελής,Στυλιανός,-,Άγγελος,Μιχαήλ,,
Γκεσούλης,Νικόλαος,Γεωργίου,,,,
Ξηροτύρη,-,Αικατερινάρη,Ασημίνα,Γεωργίου,,
Κούβελας,Σωτήριος,Δημητρίου,,,,
Σπυριούνης,Κυριάκος,Πέτρου,,,,
Κίρκος,Γεώργιος,Κωνσταντίνου,,,,
Διαμαντής,Κωνσταντίνος,Δημητρίου,,,,
Μαλέσιος,Ευάγγελος,Νικολάου,,,,
Παπούλιας,Κάρολος,Γρηγορίου,,,,
Παναγιωτόπουλος,Γεώργιος,Νικολάου,,,,
Στρατηλάτης,Νικόλαος,Κωνσταντίνου,,,,
Τσιλίκας,Βασίλειος,Χαραλάμπους,,,,
Αναγνωστόπουλος,Θεόδωρος,Γεωργίου,,,,
Δρυς,Γεώργιος,Γερασίμου,,,,
Κοντομάρης,Ευτύχιος,Σπυρίδωνος,,,,
Σπύρου,Σπυρίδων,Πέτρου,,,,
Καλαφάτης,Αλέξανδρος,Παναγή,,,,
Βλαχόπουλος,Ηλίας,Δημητρίου,,,,
Κοτσώνης,Θεόδωρος,Θρασύβουλου,,,,
Δήμας,Σταύρος,Kωνσταντίνου,,,,
Παπαληγούρας,Αναστάσιος,-,Πέτρος,Παναγιώτη,,
Παπαζώη,Ελισάβετ,Αλεξάνδρου,,,,
Λεβογιάννης,Νικόλαος,Ιωάννη,,,,
Φλώρος,Νικόλαος,Ιωάννη,,,,
Φαρμάκης,Νικόλαος,Ιωάννη,,,,
Κατσαρός,Νίκος,Ηλία,,,,
Ιωαννίδης,Φοίβος,Ιωάννη,,,,
Παπαδέλλης,Φραγκλίνος,Γεωργίου,,,,
Κτενάς,Γεώργιος,Χρήστου,,,,
Τζανής,Λεωνίδας,Γεωργίου,,,,
Βούλγαρης,Αλέξανδρος,Ευαγγέλου,,,,
Γιαννακόπουλος,Ιωάννης,Φωτίου,,,,
Παπανικολάου,Ελευθέριος,Ιωάννη,,,,
Στολίδης,Σωτήριος,Δημητρίου,,,,
Πασχαλίδης,Γεώργιος,Παναγιώτη,,,,
Βοσνάκης,Χρήστος,Δημητρίου,,,,
Τσερτικίδης,Παντελής,Αναστασίου,,,,
Αρσένη,Μαρία,Ηλία,,,,
Τσεκούρας,Ιωάννης,Γρηγορίου,,,,
Λουκάκης,Μανώλης,Χαραλάμπους,,,,
Γκαλήπ,Γκαλήπ,Σαμπαχεδίν,,,,
Μεχμέτ,Αχμέτ,Μουσταφά,,,,
Ανθόπουλος,Ιωάννης,Ευσταθίου,,,,
Βασιλακάκης,Βασίλειος,Φωτίου,,,,
Μάτης,Αθανάσιος,Δημητρίου,,,,
Βαθειάς,Ιωάννης,Κωνσταντίνου,,,,
Αλαμπάνος,Δημήτριος,Νικολάου,,,,
Αγγελούσης,Ευστάθιος,Αθανασίου,,,,
Θάνος,Δημήτριος,Ιωάννη,,,,
Γκελεστάθης,Νικόλαος,Αναστασίου,,,,
Πάχτας,Χρήστος,Αστερίου,,,,
Φλωρίνης,Αθηναίος,Δημητρίου,,,,
Βαρίνος,Αθανάσιος,Σπύρου,,,,
Κούρκουλα,Ελένη,Κωνσταντίνου,,,,
Μαντέλης,Αναστάσιος,Χαραλάμπους,,,,
Δασκαλάκης,Γεώργιος,Παναγιώτη,,,,
Κοντογιαννόπουλος,Βασίλειος,Νικολάου,,,,
Μητσοτάκης,Κωνσταντίνος,Κυριάκου,,,,
Λιάπης,Μιχάλης,-,Γιώργος,Κωνσταντίνου,,
Πετραλιά,-,Πάλλη,Φάνη,Επαμεινώνδα,,
Χαραλαμπόπουλος,Ιωάννης,Γεωργίου,,,,
Κατσανέβας,Θεόδωρος,Κωνσταντίνου,,,,
Στεφανής,Κωνσταντίνος,Νικολάου,,,,
Παντερμαλής,Δημήτριος,Στεφάνου,,,,
Παρασκευόπουλος,Παρασκευάς,Νικολάου,,,,
Τζωάννος,Ιωάννης,Γαβριήλ,,,,
Λουκάκος,Παναγιώτης,Ανδρέα,,,,
Κωνσταντοπούλου,Μαρία,Ιωάννη,,,,
Πεπονής,Αναστάσιος,Ιωάννη,,,,
Ανουσάκη,Ελένη,-,Ηλέκτρα,,Ευαγγέλου,
Ρωμαίος,Γεώργιος,Θεοδώρου,,,,
Παπαδόγγονας,Αλέξανδρος,Διονυσίου,,,,
Ζαφειρόπουλος,Επαμεινώνδας,Μιχαήλ,,,,
Αράπη,-,Καραγιάννη,Βασιλική,Σωτηρίου,,
Αγγουράκης,Χαράλαμπος,Γεωργίου,,,,
Σουμάκης,Σταύρος,Αριστείδη,,,,
Αλφιέρη,Στυλιανή,(Στέλλα),Αντωνίου,,,
Λάλος,Κανέλλος,Ιωάννη,,,,
Αράπης,Ιωάννης,Αναστασίου,,,,
Φωτιάδης,Παναγιώτης,Γεωργίου,,,,
Καρατάσος,Γεώργιος,Παναγιώτη,,,,
Κουρής,Λεωνίδας,Νικολάου,,,,
Σμυρλής-Χρήστος,-,Λιακατάς,Χρήστος,Ανδρέα,,
Αλεξόπουλος,Γεώργιος,Λάμπρου,,,,
Καρακώστας,Ιωάννης,Μιχαήλ,,,,
Ροκόφυλλος,Χρήστος,Κωνσταντίνου,,,,
Παπαλέξης,Κωνσταντίνος,Γρηγορίου,,,,
Σωτηρόπουλος,Βασίλειος,Νικολάου,,,,
Κονταξής,Αθανάσιος,Δημητρίου,,,,
Γεωργόπουλος,Δημήτριος,Αθανασίου,,,,
Κατσικόπουλος,Δημήτριος,Αθανασίου,,,,
Κουτσόγιωργας,Δημήτριος,Αγαμέμνωνα,,,,
Τσαφούλιας,Γεώργιος,Ανδρέα,,,,
Κατσιμπάρδης,Γεώργιος,Κωνσταντίνου,,,,
Κωνσταντινίδης,Ιωάννης,Γεωργίου,,,,
Σαατσόγλου,Ανέστης,Ιακώβου,,,,
Δαμιανός,Θεόδωρος,Κλεάνθη,,,,
Ζαμπουνίδης,Νικόλαος,Δημητρίου,,,,
Κηπουρός,Χρήστος,Γεωργίου,,,,
Καλαμακίδης,Ιωάννης,Ιορδάνη,,,,
Παναγιωτόπουλος,Αθανάσιος,Θεοδώρου,,,,
Παπαδάτος,Ιωάννης,Διονυσίου,,,,
Σκουλαρίκης,Ιωάννης,Παναγιώτη,,,,
Πετραλιάς,Αυγερινός,Αντωνίου,,,,
Μπόσκου,Μαρία,Σπυρίδωνα,,,,
Χατζηϊωαννίδης,Βασίλειος,Λαζάρου,,,,
Κουράκης,Ιωάννης,Αντωνίου,,,,
Σαρρής,Δημήτριος,Κωνσταντίνου,,,,
Σταυρακάκης,Μηνάς,Κωνσταντίνου,,,,
Βεζδρεβάνης,Ηλίας,Κωνσταντίνου,,,,
Παπαθεμελής,Στυλιανός-Άγγελος ,Μιχαήλ,,,,
Ακριτίδης,Νικόλαος,Βασιλείου,,,,
Ψωμιάδης,Παναγιώτης,Χαραλάμπους,,,,
Ιντζές,Αναστάσιος,Γεωργίου,,,,
Τζιτζικώστας,Γεώργιος,Αποστόλου,,,,
Ρόκος,Γεώργιος,Δημητρίου,,,,
Τασούλας,Απόστολος,Βασιλείου,,,,
Παπαδόπουλος,Ηλίας,Παναγιώτη,,,,
Σωτηρλής,Δημήτριος,Ευαγγέλου,,,,
Σημαιοφορίδης,Κωνσταντίνος,Αγαπίου,,,,
Πασσαλίδης,Θεόδωρος,Ευαγγέλου,,,,
Παπαφιλίππου,Νικόλαος,Παντελή,,,,
Κοκελίδης,Θεόδωρος,(Ρούλης),Ιωάννη,,,
Ποττάκης,Ιωάννης,Ανδρέα,,,,
Φουντάς,Παρασκευάς,Νικολάου,,,,
Χατζημιχάλης,Νικόλαος-Φώτιος,Δημητρίου,,,,
Αδαμόπουλος,Γεώργιος,Αθανασίου,,,,
Λουλέ,Ανδριανή,(Νίτσα),Κωνσταντίνου,,,
Παπαδημόπουλος,Ιωάννης,Δημητρίου,,,,
Στάθης,Θεόδωρος,Χρήστου,,,,
Κοκκίνης,Νικόλαος,Εμμανουήλ,,,,
Βλασσόπουλος,Ευάγγελος,Νικολάου,,,,
Μπένος,Σταύρος-,-,Ιωάννης,Θεοδώρου,,
Αναστασόπουλος,Νικόλαος,Δημητρίου,,,,
Λαμπαδάρης,Νικόλαος,Κωνσταντίνου,,,,
Ακήφογλου,Μπηρόλ,Ακίφ,,,,
Γεωργιάδης,Θεόδωρος,Χαραλάμπους,,,,
Βυζοβίτης,Χρήστος,Κωνσταντίνου,,,,
Κάκκαλος,Νικόλαος,Κλεομένους,,,,
Ντούσκας,Δημήτριος,Γεωργίου,,,,
Δαμιανίδης,Χαράλαμπος,Παύλου,,,,
Καραμηνάς,Κωνσταντίνος,Αντωνίου,,,,
Ηλιάδης,Νικόλαος,Σταύρου,,,,
Δαμιανίδης,Αλέξανδρος,Γεωργίου,,,,
Παναγιώτου,Σταύρος,Αναστασίου,,,,
Οικονόμου,Χρήστος,Γεωργίου,,,,
Ζιάγκας,Ιωάννης,Δημητρίου,,,,
Στάικος,Ευάγγελος,Θωμά,,,,
Χειμάρας,Αθανάσιος,Γεωργίου,,,,
Παπαθανασίου,Χαράλαμπος,Εμμανουήλ,,,,
Γιοβανούδας,Βαρσάμης,Αθανασίου,,,,
Μιχελογιάννης,Ιωσήφ,Δημητρίου,,,,
Γιαννόπουλος,Ευάγγελος,Αργυρίου,,,,
Κανελλόπουλος,Λάμπρος,Αναστασίου,,,,
Βερυβάκης,Ελευθέριος,Δημητρίου,,,,
Χαραλάμπους,Ιωάννης,Νικολάου,,,,
Λιάπης,Μιχάλης-Ηλία,Κωνσταντίνου,,,,
Μπρατάκος,Άγγελος,Ιωάννη,,,,
Κουναλάκης,Πέτρος,Εμμανουήλ,,,,
Τσοβόλας,Δημήτριος,Κωνσταντίνου,,,,
Κουβελάκης,Γιώργος,Ευσταθίου,,,,
Λιβάνης,Αντώνης,Ηλία,,,,
Κουρής,Νικόλαος,Παναγιώτη,,,,
Ακρίτα,Σύλβα,-,Καίτη,Χα,Λουκή,
Τσαλδάρης,Αθανάσιος,Κωνσταντίνου,,,,
Παπακωνσταντίνου,Μιχάλης,Γεωργίου,,,,
Γκόνης,Αναστάσιος,Χρήστου,,,,
Πυλαρινός,Κωνσταντίνος,Διονυσίου,,,,
Τζαβέλλα,Φερονίκη,Γεωργίου,,,,
Κατσιφάρας,Γεώργιος,Παναγιώτη,,,,
Μπέης,Δημήτριος,Γεωργίου,,,,
Κοραχάης,Βασίλειος,Ιωάννη,,,,
Βενιζέλος,Νικήτας,Κυριάκου,,,,
Γιώτας,Ευστάθιος,Γεωργίου,,,,
Σαψάλης,Κωνσταντίνος,Γεωργίου,,,,
Ντεντιδάκης,Αντώνιος,Εμμανουήλ,,,,
Παπασπύρου,Ιωάννης,Ανδρέα,,,,
Μαχαίρα,Μαρία,Ανδρέα,,,,
Γαλανός,Νικόλαος,Θεοδώρου,,,,
Αραβανής,Γεράσιμος,Ιωάννη,,,,
Κατσιγιάννης,Χρήστος,Αθανασίου,,,,
Κουμπούρης,Δήμος,Ιωάννη,,,,
Κοκκινοβασίλης,Χρήστος,Νικολάου,,,,
Μπαλτάς,Αλέξανδρος,Ελευθερίου,,,,
Δημητρακόπουλος,Αθανάσιος,Αλεξίου,,,,
Μελίδης,Ιωάννης,Αναστασίου,,,,
Οικονομίδης,Παναγιώτης,Θεοδοσίου,,,,
Σκαμνάκης,Δημήτριος,Χριστόφορου,,,,
Μπεκίρης,Βασίλειος,Μιχαήλ,,,,
Οικονομόπουλος,Νικόλαος,Βασιλείου,,,,
Ταταρίδης,Κυριάκος,Δαυίδ,,,,
Κρικέλης,Αναστάσιος,Θωμά,,,,
Ευμοιρίδης,Κωνσταντίνος,Γεωργίου,,,,
Χατζηνικολάου,Παναγιώτης,Νικολάου,,,,
Παπαστρατής,Ορέστης,Θρασύβουλου,,,,
Γιατράς,Σπύρος,Θεοδώρου,,,,
Σίδερης,Μιχαήλ,Νάκου,,,,
Παλαιοθόδωρος,Δημήτριος,Αναστασίου,,,,
Στεφανοπούλου,Φωτεινή,συζ.Θεοδώρου-Στεφάνου,,,,
Κυριαζόπουλος,Στέφανος,Μιλτιάδη,,,,
Παπαστάμκος,Γεώργιος,Κωνσταντίνου,,,,
Παπαστεφανάκης,Εμμανουήλ,Ευαγγέλου,,,,
Γαλενιανός,Μιχαήλ,Εμμανουήλ,,,,
Κωνσταντινίδης,Ελευθέριος,Πέτρου,,,,
Παπαγεωργόπουλος,Βασίλειος,Νικήτα,,,,
Κατσαρός,Ιωάννης,Ιωάννη,,,,
Νικόπουλος,Αναστάσιος,Βασιλείου,,,,
Γλαβίνας,Ιωάννης,Αθανασίου,,,,
Κοσκινάς,Χρήστος,Ονούφριου,,,,
Μωραίτης,Γεώργιος,Παναγιώτη,,,,
Χαραλαμπόπουλος,Κωνσταντίνος,Αλεξάνδρου,,,,
Δημοσθενόπουλος,Δημοσθένης,Βασιλείου,,,,
Καφαντάρης,Ευριπίδης,Παύλου,,,,
Μπρακατσούλας,Βασίλειος,Κωνσταντίνου,,,,
Καλούδης,Σπυρίδων,Γεράσιμου,,,,
Δεσύλλας,Αλέξανδρος,Γεωργίου,,,,
Μπενετάτος,Παναγής,Αναστασίου,,,,
Τριαρίδης,Κωνσταντίνος,Αθανασίου,,,,
Αφεντουλίδης,Νικόλαος,Σπυρίδωνα,,,,
Κωνσταντινίδης,Κωνσταντίνος,Ευσταθίου,,,,
Χατζηανδρέου,Λεονάρδος,Νικολάου,,,,
Σταθόπουλος,Ιωάννης,Παναγιώτη,,,,
Καραμπάτσας,Ιωάννης,Κωνσταντίνου,,,,
Βουνάτσος,Δημήτριος,Φωκίωνα,,,,
Κόρακας,Ευστράτιος,Χρήστου,,,,
Πάλμος,Παναγιώτης,Νικολάου,,,,
Ζακολίκος,Παυσανίας,Χρήστου,,,,
Καλαντζάκος,Αριστείδης,Γεωργίου,,,,
Κουρτίδης,Ευάγγελος,Χαραλάμπους,,,,
Γαϊτανίδης,Δημήτριος,Αλεξάνδρου,,,,
Σούγγαρης,Πέτρος,Σωκράτη,,,,
Μήτρας,Θεόδωρος,Παντελή,,,,
Καραμούτσος,Σπύρος,Αναστασίου,,,,
Τσετινές,Δημήτριος,Ανέστη,,,,
Κωνσταντινίδης,Πασχάλης,Αθανασίου,,,,
Σοφούλης,Κωνσταντίνος,Μανουήλ,,,,
Σερέτης,Θωμάς,Ανδρέα,,,,
Καλαϊτζίδης,Χρήστος,Ιωάννη,,,,
Χατζηδημητρίου,Κωνσταντίνος,Αλεξάνδρου,,,,
Γεωργολιός,Κωνσταντίνος,Βαίου,,,,
Δροσογιάννης,Αντώνιος,Δημητρίου,,,,
Μπέλλος,Τριαντάφυλλος,Αθανασίου,,,,
Αρβανίτης,Φώτιος,Νικολάου,,,,
Κοτσακάς,Αντώνιος,Γεωργίου,,,,
Αθανασόπουλος,Νικόλαος,Ανδρέα,,,,
Μαγκάκης,Γεώργιος-Αλέξανδρος,Αντωνίου,,,,
Παπαναγιώτου,Κωνσταντίνος,Αναστασίου,,,,
Λεντάκης,Ανδρέας,Βασιλείου,,,,
Στεφανόπουλος,Θεόδωρος,-,Στέφανος,Βασιλείου,,
Μπουρδάρα,Καλλιόπη,(Κέλλυ),Αλκιβιάδη,,,
Κανελλόπουλος,Αθανάσιος,Πέτρου,,,,
Τσουδερού,Βιργινία,Εμμανουήλ,,,,
Λιναρδάτος,Νικόλαος,-,Λέανδρος,Γεωργίου,,
Αλευράς,Ιωάννης,,Νικολάου,,,
Μπούτος,Ιωάννης,Περικλή,,,,
Μερκούρη,Αμαλία,-,Μαρία,(Μελίνα),Σταματίου,
Φαραντούρη,Μαρία,Γερασίμου,,,,
Σπυροπούλου,Μερόπη,Ιωάννη,,,,
Σταθόπουλος,Βάϊος,Γεωργίου,,,,
Εφραίμογλου,Λάζαρος,Δημητρίου,,,,
Γεννηματάς,Γεώργιος,Θεοδώρου,,,,
Δρεττάκης,Εμμανουήλ,Γεωργίου,,,,
Φαράκος,Γρηγόριος,Κωνσταντίνου,,,,
Γιάνναρος,Γρηγόριος,Κωνσταντίνου,,,,
Ανδριανόπουλος,Ανδρέας,Ιωάννη,,,,
Παπαπολίτης,Σωτήριος,Σάββα,,,,
Βουγιουκλάκης,Ηλίας,Ιωάννη,,,,
Μπουγάς,Γεώργιος,Χρήστου,,,,
Ιατροπούλου,Αικατερίνη,Ιωάννη,,,,
Φράγκος,Δημήτριος,Αναστασίου,,,,
Δελημήτσος,Παναγιώτης,Βασιλείου,,,,
Μιμμής,Αριστοτέλης,Γεωργίου,,,,
Παπανικολάου,Ευάγγελος,Ηλία,,,,
Γιαννόπουλος,Σπυρίδων,Χαραλάμπους,,,,
Παπαδημητρίου,Ελευθέριος,Κωνσταντίνου,,,,
Βασιλειάδης,Ιωάννης,Παύλου,,,,
Τζήρος,Νικόλαος,Ευθυμίου,,,,
Σαραφόπουλος,Ευστάθιος,Νικολάου,,,,
Γουνατίδης,Κωνσταντίνος,Νικολάου,,,,
Καβαρατζής,Ιωάννης,Σταύρου,,,,
Σπανός,Ιωάννης,Θεοφάνη,,,,
Κλαυδιανός,Γεώργιος,Ιωάννη,,,,
Σκουλάς,Αθανάσιος,Εμμανουήλ,,,,
Κούρτης,Θωμάς,Σωτηρίου,,,,
Κύρκος,Λεωνίδας,Μιχαήλ,,,,
Παπαδάκης,Νικόλαος,Γεωργίου,,,,
Παρτσαφυλλίδου,Φανή,Δημητρίου,,,,
Ζαχαράκης,Κωνσταντίνος,Θεοδώρου,,,,
Καλογιάννης,Ελευθέριος,Σταύρου,,,,
Γκλίναβος,Ελευθέριος,Γεωργίου,,,,
Ρήγας,Κωνσταντίνος,Γεωργίου,,,,
Καραγκιοζόπουλος,Αχιλλέας,Μιχαήλ,,,,
Παπαδόπουλος,Σπύρος,Κωνσταντίνου,,,,
Γκίκας,Σωτήριος,Στεφάνου,,,,
Αυγερινίδης,Νικόλαος,Αναστασίου,,,,
Συμπιλίδης,Γεώργιος,Θεοδώρου,,,,
Ποτήρης,Κωνσταντίνος,Σπυρίδωνα,,,,
Μανούσος,Ιωάνννης,Κωνσταντίνου,,,,
Γιατράκος,Κωνσταντίνος,Γεωργίου,,,,
Μαμμωνάς,Νικόλαος,Δημοσθένη,,,,
Φλώρος,Ιωάννης,Νικολάου,,,,
Κουνενός,Ιωάννης,Φανουρίου,,,,
Δημόπουλος,Δημήτριος,Μηνά,,,,
Παπαγεωργίου,Ιωάννης,Νικολάου,,,,
Βουβαλούδης,Δημοσθένης,Γεωργίου,,,,
Σκοτινιώτης,Παναγιώτης,Τριαντάφυλλου,,,,
Μπένος,Σταύρος-Ιωάννης,Θεοδώρου,,,,
Φιλιππόπουλος,Αθανάσιος,Λεωνίδα,,,,
Φωτέας,Παναγιώτης,Σωτηρίου,,,,
Παυλακάκης,Γεώργιος,Αθανασίου,,,,
Φαίκογλου,Αμέτ,Φαϊκ,,,,
Σιβένας,Προκόπιος,Τρύφωνα,,,,
Χατζηδημητρίου,Τραϊανός,Γεωργίου,,,,
Βελίκης,Αθανάσιος,Νικολάου,,,,
Τερζόπουλος,Γεώργιος,Μιλτιάδη,,,,
Καζακλάρης,Χρήστος,Γεωργίου,,,,
Καλδή,Μερόπη,συζ.,Ηλία,,,
Σμπώκος,Ιωάννης,Γεωργίου,,,,
Σαδίκ,Αμέτ,Σαδήκ,Αμέτ,,,
Σαλίκας,Νικόλαος,Χρήστου,,,,
Σεβαστάκης,Αλέξιος,Δημητρίου,,,,
Παπαδόπουλος,Θεόδωρος,Ιωάννη,,,,
Μητακίδης,Δημοσθένης,Αθανασίου,,,,
Καμπαγιάννης,Ιωάννης,Αποστόλου,,,,
Ξαρχάς,Αθανάσιος,Λαζάρου,,,,
Τσαγκάρης,Φράνς,Λουκά,,,,
Μποντζίδης,Χαράλαμπος,Αργυρίου,,,,
Βαρδαρινός,Βασίλειος,Αθανασίου,,,,
Πρασιανάκης,Γεώργιος,Νικολάου,,,,
Μισαηλίδης,Γεώργιος,Σταματίου,,,,
Κράτσας,Απόστολος,Γεωργίου,,,,
Μπεχράκης,Διονύσιος,Κυριακούλη,,,,
Παπανδρέου,Ανδρέας,Γεωργίου,,,,
Κουρής,Γεράσιμος,(Μάκης),Ανδρέα,,,
Φλωράκης,Χαρίλαος,Ιωάννη,,,,
Ποταμίτης,Γεώργιος,Κωνσταντίνου,,,,
Θεοδωράκης,Μιχαήλ,(Μίκης),Γεωργίου,,,
Βαφειάδης,Μάρκος,Ιωάννη,,,,
Καλούδης,Νικόλαος,Στεφάνου,,,,
Δασκαλάκη,-,Παρθένη,Ιωάννα,(Γιάννα),Φρίξου,
Ληναίος-Μητυλιναίος,Διονύσιος,Γεωργίου,(Στέφανος),,,
Μπριλλάκης,Αντώνιος,Γεωργίου,,,,
Δίζη,Μαρίνα,Πέτρου,,,,
Μαρινάκης,Μιλτιάδης,Αποστόλου,,,,
Πατλάκας,Μιχαήλ,Ιωάννη,,,,
Αστράκος,Ευάγγελος,Αντωνίου,,,,
Παπαγιάννης,Μιχαήλ,Κανέλλου,,,,
Τσιτσιμελής,Στυλιανός,Λάμπρου,,,,
Μουτζουρίδης,Γεώργιος,Ιωάννη,,,,
Μαντζώρης,Βασίλειος,Κωνσταντίνου,,,,
Ζαίμης,Ανδρέας,Φωκίωνος,,,,
Στεφανόπουλος,Θεόδωρος-Στέφανος,Βασιλείου,,,,
Παπαδόπουλος,Βασίλειος,Δημητρίου,,,,
Δαριβιανάκης,Αλέξανδρος,Διογένη,,,,
Εξαδάκτυλος,Ανδρέας,Αθανασίου,,,,
Αβέρωφ,Ιωάννης,Μιχαήλ,,,,
Λώρας,Ανέστης,Λεωνίδα,,,,
Καπαχτσής,Γεώργιος,Χρήστου,,,,
Ράλλης,Γεώργιος,Ιωάννη,,,,
Μεσσάρης,Γεράσιμος,Ευαγγέλου,,,,
Κετογλίδης,Γεώργιος,Παύλου,,,,
Κυρατσούς,Μερκούριος,Γεωργίου,,,,
Παλαιοκρασσάς,Ιωάννης,Δημητρίου,,,,
Χατζηνάκης,Εμμανουήλ,Γεωργίου,,,,
Λάζαρης,Απόστολος,Ανδρέα,,,,
Καλλές,Νικόλαος,Κωνσταντίνου,,,,
Στάμος,Ιωάννης,Αργυρίου,,,,
Μπουλούκος,Αριστόδημος,Γεωργίου,,,,
Μολλά,Ισμαήλ,Χουσείν,,,,
Κλείτος,Νικόλαος,Ιωάννη,,,,
Παναγιωτίδης,Ιωάννης,Νικολάου,,,,
Βελλίκης,Φιντίας,Στεργίου,,,,
Παπαχρήστος,Αθανάσιος,Νικολάου,,,,
Παπανικολάου,Δημήτριος,Φωτίου,,,,
Κρίκος,Αθανάσιος,Ιωάννη,,,,
Μπιρδιμήρης,Γεώργιος,Αναστασίου,,,,
Ασημακόπουλος,Γεώργιος,Σπύρου,,,,
Αβέρωφ,-,Τοσίτσας,Ευάγγελος,Αναστασίου,,
Λαυρεντίδης,Ισαάκ,Νικολάου,,,,
Λιναρδάτος,Νικόλαος-Λέανδρος,Γεωργίου,,,,
Στεφανόπουλος,Κωνσταντίνος,Δημητρίου,,,,
Συνοδινού,Άννα,Ιωάννη,,,,
Ξαρχάκος,Σταύρος,Λεωνίδα,,,,
Αναγνωστόπουλος,Νικόλαος,Δημητρίου,,,,
Σαραντίτης,Βασίλειος,Ιωάννη,,,,
Φωτόπουλος,Χρήστος,Φωτίου,,,,
Σεχιώτης,Αναστάσιος,Βασιλείου,,,,
Σολωμός,Γρηγόριος,Χρήστου,,,,
Δελούκας,Εμμανουήλ,Σωτηρίου,,,,
Κεφαλίδης,Δημήτριος,Ιωάννη,,,,
Στεφανίδης,Μιχαήλ,Σοφοκλή,,,,
Παπανδρέου,Νικόλαος,Ευσταθίου,,,,
Οικονόμου,Ξενοφών,Αλεξάνδρου,,,,
Πυλαρινός,Διονύσιος,Χαραλάμπους,,,,
Ματράγκας,Ηρακλής,Διονυσίου,,,,
Νέστωρ,Στυλιανός,Ιγνατίου,,,,
Ριζόγιαννης,Νικόλαος,Όθωνα,,,,
Βάλβης/Κατσίπης,Πέτρος,Γεωργίου,,,,
Ευστρατιάδης,Αγαμέμνων,Μιλτιάδη,,,,
Καββαδάς,Παναγιώτης,Χαριλάου,,,,
Μπιτσάνης,Ηλίας,Ευαγγέλου,,,,
Φουντουκίδου-Θεοδωρίδου,Παρθένα,Ευσταθίου,,,,
Μώραλης,Πέτρος,Ιωάννη,,,,
Σπαθής,Θεόδωρος,Δημητρίου,,,,
Αργυρόπουλος,Νικόλαος,Ιωάννη,,,,
Κάππος,Κωνσταντίνος,Βασιλείου,,,,
Κοταμανίδου,Ευαγγελία,(Εύα),Κωνσταντίνου,,,
Αβραμίδης,Αλέξανδρος,Χρήστου,,,,
Αγγελούσης,Άγγελος,Χρήστου,,,,
Αγοράστης,Βασίλειος,Αθανασίου,,,,
Αλεξανδρής,Ευστάθιος,(Στάθης),Βασιλείου,,,
Αλεξίου,Θωμάς,Ευαγγέλου,,,,
Αμανατίδης,Κωνσταντίνος,Περικλή,,,,
Αναστασάκης,Νίκος,Παύλου,,,,
Αναστασάκος,Σεραφείμ,Χρήστου,,,,
Αντωνακούδης,Γεώργιος,Δημητρίου,,,,
Ασλάνης,Κωνσταντίνος,Ανδρέα,,,,
Ατματζίδης,Χαράλαμπος,Παναγιώτη,,,,
Βαγιάτης,Ιωάννης,Αθανασίου,,,,
Βάθης,Μιχαήλ,Δημητρίου,,,,
Βαλταδώρος,Άγγελος,Δημητρίου,,,,
Βαρκάρης,Γεώργιος,Ζωρζή,,,,
Βλαχοθανάσης,Αγγελής,Δημητρίου,,,,
Βολουδάκης,Γεώργιος,Ιωσήφ,,,,
Βουδούρης,Δημήτριος,Παναγιώτη,,,,
Βουρδουμπάς,Γεώργιος,Δημητρίου,,,,
Βραδέλης,Δημήτριος,Στεργίου,,,,
Βρεττάκος,Δημήτριος,Λεωνίδα,,,,
Γάτσος,Θεόφιλος,Δημητρίου,,,,
Γκουγκουρέλας,Κωνσταντίνος,Χρήστου,,,,
Δαβιδόπουλος,Γεώργιος,Πολύκαρπου,,,,
Δερβέναγας,Αθανάσιος,Αντωνίου,,,,
Διαμαντίδης,Δημήτριος,Ιωάννη,,,,
Ζερβός,Κλεάνθης,Ιωάννη,,,,
Ζίγδης,Ιωάννης,Γεωργίου,,,,
Θεοχαρίδης,Δημοσθένης,Μιχαήλ,,,,
Ιντζές,Βασίλειος,Χαραλάμπους,,,,
Κακλαμανάκη-Ρήγου,Σταυρούλα,συζ.Γεωργίου,,(Ρούλα),,
Καλογήρου,Γεώργιος,Κλεάρχου,,,,
Καλτεζιώτης,Νικόλαος,Κωνσταντίνου,,,,
Καναβάκης,Κωνσταντίνος,Μύρωνα,,,,
Καπουράλος,Γεώργιος,Διονυσίου,,,,
Καρατζάς,Χάρης,Θεοφάνη,,,,
Καρράς,Αναστάσιος,Γεωργίου,,,,
Κατηνιώτης,Σπυρίδων-Γεώργιος ,Σταύρου,,,,
Κατριβάνος,Ηλίας,Χρήστου,,,,
Κατσάρος,Παναγιώτης,Βάιου,,,,
Κεχαγιόγλου,Στέφανος,Ελευθερίου,,,,
Κιοσκλής,Ελευθέριος,Κίμωνα,,,,
Κολιούσης,Αχιλλεύς,Ιωάννη,,,,
Κοντοπόδης,Κωνσταντίνος,Εμμανουήλ,,,,
Κορωναίος,Ιωάννης,Παναγιώτη,,,,
Κουλουμπής,Ευάγγελος,Αθανασίου,,,,
Κούτρας,Παναγιώτης,Δημητρίου,,,,
Κούτσικας,Φοίβος,Δημητρίου,,,,
Κουτσογιάννης,Ιωάννης,Ασημάκη,,,,
Κουτσόγιωργας,Αγαμέμνων,Ιωάννη,,,,
Κουτσομπίνας,Θωμάς,Θεοδώρου,,,,
Κυπριωτάκη,-,Περράκη,Μαρία,Γεωργίου,,
Κωστάκης,Νικόλαος,Θεοδώρου,,,,
Λαμπράκη,Ειρήνη,Ανδρέα,,,,
Λιαροκάπης,Αλέξανδρος,Δημητρίου,,,,
Λιβανός,Διονύσιος,Σπυρίδωνος,,,,
Λούλης,Θεμιστοκλής,Αλκιβιάδη,,,,
Μαλεβίτης,Ηλίας,Ιωάννη,,,,
Μανουσάκης,Διάκος,Μανούσου,,,,
Μαρινίδης,Σταύρος,Ιωάννη,,,,
Μαρκέτος,Σπυρίδων,Γερασίμου,,,,
Μαρκόπουλος,Χρήστος,Αντωνίου,,,,
Μαρούδας,Δημήτριος,Ιωάννη,,,,
Μαυροδόγλου,Διαμαντής,Ζαφειρίου,,,,
Μαύρος,Γεώργιος,Ιωάννη,,,,
Μερκούρη,Αμαλία-Μαρία,-,Μαρία,(Μελίνα),Σταματίου,
Μουφτήογλου,Μεχμέτ,Μουσταφά,,,,
Μπάλκος,Αναστάσιος,Μιλτιάδη,,,,
Μπασαγιάννης,Χρήστος,Αριστείδη,,,,
Μπάτσος,Αθανάσιος,Ιωάννη,,,,
Μπενάκη-Ψαρούδα,Άννα,Ευαγγέλου,,,,
Μπλέτσας,Στυλιανός,Κωνσταντίνου,,,,
Μπουλάκης,Λάζαρος,Δημητρίου,,,,
Μπουλούκος,Διονύσιος,Γεωργίου,,,,
Νάσης,Κωνσταντίνος,Χρήστου,,,,
Νάτσινας,Μάρκος,Ιωάννη,,,,
Νιάνιας,Δημήτριος,Γεωργίου,,,,
Ντεγιάννης,Ιωάννης,Αθανασίου,,,,
Ξανθόπουλος,Αθανάσιος,Δημητρίου,,,,
Παγορόπουλος,Δημήτριος,Ιωάννη,,,,
Πάλλας,Δημήτριος,Δημητρίου,,,,
Πανουργιάς,Πανουργιάς,Στυλιανού,,,,
Παπαγεωργόπουλος,Παναγιώτης,(Τάκης),Κωνσταντίνου,,,
Παπαγιάννης,Βασίλειος,Ξενοφώντος,,,,
Παπαδημητρίου,Γεώργιος,Δημητρίου,,,,
Παπαδημητρίου,Δήμος,Λώλου,,,,
Παπαδονικολάκης,Ιωάννης,Μανούσου,,,,
Παπαδόπουλος,Αναστάσιος,Χρήστου,,,,
Παπαδόπουλος,Δημοσθένης,Θωμά,,,,
Παπαδόπουλος,Ιωάννης,Αλεξάνδρου,,,,
Παπαληγούρας,Αναστάσιος-Πέτρος ,Παναγιώτη,,,,
Παπαρρηγόπουλος,Κωνσταντίνος,Ιωάννη,,,,
Παππάς,Γεώργιος,Δημητρίου,,,,
Πεντάρης,Ευάγγελος,Σταμάτη,,,,
Περάκης,Γεώργιος,Νικολάου,,,,
Πεσμαζόγλου,Ιωάννης,Στεφάνου,,,,
Πετούρης,Κωνσταντίνος,Ιωάννη,,,,
Πετρίδης,Ιωάννης,Θεοδώρου,,,,
Πέτσος,Γεώργιος,Ευαγγέλου,,,,
Πιτσιώρης,Δημήτριος,Γεωργίου,,,,
Πρίντζος,Κωνσταντίνος,Δημητρίου,,,,
Πρωτοπαπάς,Χαράλαμπος,Θεοδώρου,,,,
Ράλλης,Σπυρίδων,Ιωάννη,,,,
Σαλαμαλίκης,Παναγιώτης,Αποστόλου,,,,
Σαπουντζής,Δημήτριος-Ταξιάρχης,Παναγιώτη,,,,
Σαρλής,Παύλος,Θεοδώρου,,,,
Σαχίνης,Δημήτριος,Διογένη,,,,
Σερπάνος,Γεώργιος,Αριστείδη,,,,
Σταματόπουλος,Χαράλαμπος,Ηλία,,,,
Στεφανίδης,Παύλος,Λαζάρου,,,,
Στρατήγης,Ευστράτιος,(Στράτης),Ευαγγέλου,,,
Σφενδόνης,Ιωάννης,Νικολάου,,,,
Ταλιαδούρος,Αθανάσιος,Σπυρίδωνος,,,,
Τρίτσης,Αντώνιος,Σάββα,,,,
Τσαλουχίδης,Ιωάννης,Νικολάου,,,,
Τσαπάρας,Στέφανος,Παντελή,,,,
Τσιγαρίδας,Κωνσταντίνος,Γεωργίου,,,,
Τσιουπλάκης,Κωνσταντίνος,Ελευθερίου,,,,
Φιλιππίδης,Αργύριος,Φιλίππου,,,,
Φωτίου,Χρήστος,Αναστασίου,,,,
Χατζηδημητρίου,Δημήτριος,Θωμά,,,,
Χιωτάκης,Γεώργιος,Λογοθέτη,,,,
Χονδροκούκης,Δημήτριος,Νικολάου,,,,
Χούλης,Νικόλαος,Γεωργίου,,,,
Ψαρουδάκης,Νικόλαος,Σταύρου,,,,
Χριστοφορίδου,Κυριακούλα,(Λίλα),Παύλου,,,
Κανελλόπουλος,Παναγιώτης,Κανέλλου,,,,
Παπακωνσταντίνου,Κωνσταντίνος,Ευσταθίου,,,,
Θεοτόκης,Σπυρίδων,Ιωάννη,,,,
Κοκκέβης,Ανδρέας,Αριστομένη,,,,
Πλυτάς,Γεώργιος,Αμβροσίου,,,,
Φλέμιγκ-Κουτσούρη,Αμαλία,Αλεξάνδρου,,,,
Κουτσοχέρας,Ιωάννης,Παναγιώτη,,,,
Σακελλαριάδου-Υψηλάντη,Αιμιλία,Κωνσταντίνου,,,,
Αμπατιέλος,Αντώνιος,Γεράσιμου,,,,
Παπαϊωάννου,Νικόλαος,Ιωάννη,,,,
Σταμάτης,Γεώργιος,Δημητρίου,,,,
Χούτας,Θωμάς,Στυλιανού,,,,
Βασιλείου,Σπήλιος,Ανδρέα,,,,
Γκολφινόπουλος,Αθανάσιος,Επαμεινώνδα,,,,
Ταταρίδης,Σταύρος,Δημητρίου,,,,
Κλής,Παναγιώτης,Θεοδώρου,,,,
Βογιατζής,Γεώργιος,Περικλή,,,,
Σπεντζάρη,Ευφροσύνη,Νικολάου,,,,
Σεραφειμίδης,Σταύρος,Κωνσταντίνου,,,,
Καλαϊτζάκης,Ευάγγελος,Εμμανουήλ,,,,
Καζάζης,Ανδρέας,Αλεξάνδρου,,,,
Μούτσιος,Γεώργιος,Αθανασίου,,,,
Μποκοβός,Παναγιώτης,Παρασκευά,,,,
Χατζηπέτρου,Ανάργυρος,Εμμανουήλ,,,,
Ερμείδης,Χάρης,Παναγιώτη,,,,
Αβέρωφ-Τοσίτσας ,Ευάγγελος,Αναστασίου,,,,
Χατζοπλάκης,Ηλίας,Σωκράτη,,,,
Αλλαμανής,Στυλιανός,Αχιλλέα,,,,
Παπαευθυμίου,Γεώργιος,Βασιλείου,,,,
Παπαδόπουλος,Χαράλαμπος,Κωνσταντίνου,,,,
Παπαγεωργίου,Κωνσταντίνος,Γεωργίου,,,,
Κοπελούζος,Δημήτριος,Χρήστου,,,,
Δαβάκης,Δημήτριος,Δικαίου,,,,
Λουλές,Κωνσταντίνος,Δημητρίου,,,,
Σεργάκης,Ιωάννης,Μιχαήλ,,,,
Βασάλος-Βασάλιος,Κωνσταντίνος,Νικολάου,,,,
Μαλλιάκας,Γεώργιος,Νικολάου,,,,
Ροδίου,Γεώργιος,Στυλιανού,,,,
Γεωργακάκης,Χαράλαμπος,Στυλιανού,,,,
Μεμέτογλου,Γιασάρ,Μεμέτ,,,,
Σοφούλης,Θεμιστοκλής,Παναγιώτη,,,,
Ανθόπουλος,Ευστάθιος,Ιωάννη,,,,
Αλεξιάδης,Κωνσταντίνος,Σπυρίδωνα,,,,
Μάντζαρης,Δημήτριος,Αλεξάνδρου,,,,
Μανίκας,Γεώργιος,Σωτηρίου,,,,
Καραγεωργίου,Χρήστος,Νικολάου,,,,
Μπακογιάννης,Κωνσταντίνος,Ανάργυρου,,,,
Ευαγγελινός,Βασίλειος,Χρήστου,,,,
Λάσκαρης,Κωνσταντίνος,Γεωργίου,,,,
Ακρίτα,Σύλβα-,-,Καίτη,Χα,Λουκή,
Κυπριωτάκη-Περράκη,Μαρία,Γεωργίου,,,,
Κοντογεώργης,Παναγιώτης,Αθανασίου,,,,
Καρβελάς,Διονύσιος,Νικολάου,,,,
Δοξιάδης,Σπύρος,Αποστόλου,,,,
Μαντζουλίνου,Αλεξάνδρα,συζ.Διονυσίου,,,,
Πλασκοβίτης,Σπυρίδων,Ηλία,,,,
Πελοποννήσιος,Ξενοφών,Βασιλείου,,,,
Βαλαλάς,Δημήτριος,Θωμά,,,,
Αποστολάτος,Γεράσιμος,Κωνσταντίνου,,,,
Νικολάου,Κωνσταντίνος,(Κώστας),Βασιλείου,,,
Καλλέργης,Λυκούργος,Σταύρου,,,,
Ηλιού,Ηλίας,Φιλίππου,,,,
Φικιώρης,Ιωάννης,Βασιλείου,,,,
Γιαννοπούλου,Κωνσταντίνα,συζ.Ευαγγέλου,,,,
Δεβλέτογλου,Ευάγγελος,Αθανασίου,,,,
Κατσαφάδος,Ιωάννης,Νικολάου,,,,
Μαρκοζάνης,Σπυρίδων,Εμμανουήλ,,,,
Αλιπράντης,Δημήτριος,Νικήτα,,,,
Κασιμάτης,Γρηγόριος,Λαμπρινού,,,,
Μπίρης,Σταύρος,Ιωάννη,,,,
Χρηματόπουλος,Φώτιος,Δημητρίου,,,,
Παπαπολίτης,Νικόλαος,Ιωάννη,,,,
Κεπέσης,Νίκανδρος,Μηνά,,,,
Περδικούρης,Άγγελος,Κυριάκου,,,,
Κάκαρης,Χρήστος,Αντωνίου,,,,
Μιχαήλ,Λάζαρος,Παναγιώτη,,,,
Μπότσαρης,Δήμος,Μάρκου,,,,
Στράτος,Χριστόφορος,Σταμούλη,,,,
Καραϊσκάκης,Δημήτριος,Ανδρέα,,,,
Χούτας,Στυλιανός,Θωμά,,,,
Κοντοβράκης,Ιωάννης,Παναγιώτη,,,,
Παπαϊωάννου,Δημήτριος,Χρήστου,,,,
Μηναίος,Ιωάννης,Γεωργίου,,,,
Παπαηλιού,Ηλίας,Γεωργίου,,,,
Άρχος,Δημήτριος,Αθανασίου,,,,
Βγενόπουλος,Νικόλαος,Ευγένιου,,,,
Πατρώνης,Νικόλαος,Γεωργίου,,,,
Φωτήλας,Ασημάκης,Αριστοτέλη,,,,
Παπασπύρου,Δημήτριος,Γεωργίου,,,,
Τουρίκης,Παναγιώτης,Κωνσταντίνου,,,,
Κτιστάκης,Νικόλαος,Ιωάννη,,,,
Μακρής,Μιχαήλ,Ιωάννη,,,,
Γρίβας,Δημήτριος,Θεολόγου,,,,
Ταχυρίδης,Αθανάσιος,Λεωνίδα,,,,
Κανονάρχος,Ευάγγελος,Παναγιώτη,,,,
Γεωργιάδης,Αντώνιος,Ιωάννη,,,,
Καρυπίδης,Χαράλαμπος,Ιωάννη,,,,
Καλλίας,Κωνσταντίνος,Μιχαήλ,,,,
Κακαράς,Μιχαήλ,Αντωνίου,,,,
Πνευματικός,Άγγελος,Σπυρίδωνα,,,,
Καραπιπέρης,Χρυσόστομος,Πέτρου,,,,
Μάργαρης,Ιωάννης,Νικολάου,,,,
Μπουντουβής,Αχιλλέας,Βασιλείου,,,,
Γόντικας,Κωνσταντίνος,Δημητρίου,,,,
Πιπιλής,Χρήστος,Μενελάου,,,,
Βλαχόπουλος,Δημήτριος,Κωνσταντίνου,,,,
Ιακωβίδης,Αρχέλαος,Γεωργίου,,,,
Ξυλούρης,Μενέλαος,Ιωάννη,,,,
Πιτούλης,Φώτιος,Θωμά,,,,
Κατσαούνης,Αριστείδης,Αθανασίου,,,,
Μπακατσέλος,Γεώργιος,Δημητρίου,,,,
Ματθαιουδάκης,Γεώργιος,Ιωάννη,,,,
Ζαρντινίδης,Νικόλαος,Βασιλείου,,,,
Βαρδάκας,Μιχαήλ,Ιωάννη,,,,
Πανούρης,Παναγιώτης,Σταύρου,,,,
Ιωάννου,Χρήστος,Νικολάου,,,,
Μάρτης,Νικόλαος,Κωνσταντίνου,,,,
Αντωνιάδης,Μάρκος,Γεωργίου,,,,
Καλογιάννης,Κωνσταντίνος,Γρηγορίου,,,,
Μπάλλας,Θεμιστοκλής,Μάρκου,,,,
Παπαλαζάρου,Ζήσης,Σταματίου,,,,
Καλούδης,Δημήτριος,Σπυρίδωνος,,,,
Φακιολάς,Στέφανος,Ιωάννη,,,,
Μεσσάρης,Χαράλαμπος,Ευαγγέλου,,,,
Γεράκης,Παναγής,Κωνσταντίνου,,,,
Παπαδόπουλος,Γεώργιος,Βασιλείου,,,,
Αθανασιάδης,Σταύρος,Αθανασίου,,,,
Βύζας,Θεμιστοκλής,Βασιλείου,,,,
Παπαληγούρας,Παναγιώτης,Αναστασίου,,,,
Ρέντης,Θεοχάρης,Κωνσταντίνου,,,,
Πρωτοπαπαδάκης,Μιχαήλ,Αριστείδη,,,,
Μπάιλας,Εμμανουήλ,Ιωάννη,,,,
Βάλβης-Καστίπης,Πέτρος,Γεωργίου,,,,
Ανερούσης,Ευάγγελος,Αχιλλέα,,,,
Παναρίτης,Βασίλειος,Κωνσταντίνου,,,,
Μηνακάκης,Σταύρος,Δημητρίου,,,,
Γραμματίδης,Χρήστος,Ιωάννη,(Τάκης),,,
Κυριακού,Ελευθέριος,Κίμωνα,,,,
Καρδάρας,Δημήτριος,Ιωάννη,,,,
Κοθρής,Εμμανουήλ,Μιχαήλ,,,,
Παπαευστρατίου,Ευστράτιος,Κωνσταντίνου,,,,
Αντωνόπουλος,Ιωάννης,Γεωργίου,,,,
Μπρισίμης,Νικόλαος,Αναστασίου,,,,
Διακόπουλος,Γεώργιος,Δημητρίου,,,,
Οικονομόπουλος,Κωνσταντίνος,Ιωάννη,,,,
Ζεϊμπέκ,Τζελάλ,Χουσείν,,,,
Γκίλλας,Αρίσταρχος,Χρήστου,,,,
Προκοπίδης,Ιωάννης,Νικολάου,,,,
Δεληγιάννης,Δημοσθένης,Νικολάου,,,,
Δημόπουλος,Ιωάννης,Κωνσταντίνου,,,,
Σουσουρογιάννης,Ευάγγελος,Αθανασίου,,,,
Ελευθεριάδης,Ελευθέριος,Ευσταθίου,,,,
Παπαχρήστος,Καλλίμαχος,Ευαγγέλου,,,,
Βαρδινογιάννης,Παύλος,Ιωάννη,,,,
Παπαντωνίου,Αντώνιος,Βασιλείου,,,,
Ιμάμογλου,Χασάν,Αχμέτ,,,,
Σπύρου,Ιωάννης,Ξενοφώντος,,,,
Κράτσας,Ζαχαρίας,Γεωργίου,,,,
Κοσιτζίδης,Γεώργιος,Θεοδώρου,,,,
Χρίστογλου,Ιωάννης,Γεωργίου,,,,
Γιαννούσης,Κλεόβουλος,Βασιλείου,,,,
Ευαγγελίου,Δημήτριος,Κωνσταντίνου,,,,
Γαλλής,Λεωνίδας,Δημοσθένη,,,,
Τσιριμώκου-Πιμπλή,Ιουλία,Ηλία, ,,,
Τριανταφύλλου,Κωνσταντίνος,Ηλία,,,,
Ανδρεάδης,Γεώργιος,Ανδρέα,,,,
Μαυρίδης,Κωνσταντίνος,Κυριάκου,,,,
Γκελεστάθης,Αθανάσιος,Αναστασίου,,,,
Χλωρός,Δημήτριος,Γεωργίου,,,,
Στάμος,Δημήτριος,Στάμου,,,,
Μπουρνιάς,Λεωνίδας,Αντωνίου,,,,
Δαλακούρας,Γεώργιος,Δημητρίου,,,,
Φύσσας,Χρήστος,Ιωάννη,,,,
Τσουκαντάς,Αθανάσιος,Γεωργίου,,,,
Αλαβάνος,Κωνσταντίνος,Νικολάου,,,,
Αποστολάκος,Χρήστος,Ιωάννη,,,,
Σόδης,Ιωάννης,Μιχαήλ,,,,
Παπακωνσταντίνου,Γεώργιος,Κωνσταντίνου,,,,
